region_id,total_population,elderly_population,num_doctors,avg_distance_to_hospital,healthcare_demand,budget_allocation
1,20795,3479,23,66.32226342664607,2209,204886
2,5860,13268,9,32.588422259751894,2086,304599
3,43158,4468,29,76.95075351196249,978,151101
4,49732,1410,16,21.484702547265577,1707,312962
5,16284,2496,46,90.12325088577884,2503,58434
6,11265,3629,22,52.77516999547743,170,433638
7,21850,5947,8,12.33611345042916,2410,237225
8,42194,6629,20,40.683678329694416,4501,80571
9,26962,6350,14,21.469291882906404,3395,352838
10,49131,4704,39,20.76885719064974,861,406570
11,21023,7946,37,51.13060402756869,4783,168792
12,46090,12449,34,67.51730954800088,2221,95485
13,6685,9019,11,91.2502023448394,3682,193141
14,5769,10491,40,50.71403906560169,4297,107198
15,7433,814,33,96.61803873077469,1729,148316
16,10311,12237,31,94.2218503552635,4388,481878
17,42819,1634,44,86.64119046845168,1185,401114
18,44188,11438,34,50.497749231279435,2557,495385
19,22568,5376,7,14.949490425110369,4495,122928
20,24769,8602,49,22.572542511723107,3366,459318
21,33693,10212,23,65.11933026848558,553,476673
22,11396,8847,46,42.75374304813541,2721,399942
23,32480,6092,7,15.533361543645645,718,102290
24,46434,2224,25,48.42039943029173,736,172664
25,30658,3843,3,2.7256240047025466,2448,455148
26,23942,1386,38,73.65564171905973,4974,304628
27,23431,11765,20,8.284548154479396,3136,61766
28,7747,11497,34,63.28224837129978,2349,400391
29,5189,1221,49,79.50802045493434,2821,63292
30,24118,8178,44,14.131743570942588,2449,267295
31,40773,9604,44,52.345230375935245,4532,228703
32,6899,3857,30,78.12768392158749,2094,306817
33,6267,1370,17,26.802712020943137,2920,122944
34,36551,12800,10,17.12874270716029,1171,418590
35,16394,7251,35,34.34509198577823,2131,84533
36,8556,997,20,55.91521848174826,1349,392917
37,8890,2256,18,57.95267989062025,1395,174433
38,46606,1617,45,13.956757012311014,3656,448994
39,35740,12101,44,46.29931591972319,427,85059
40,19502,3328,27,27.559937358409297,896,434562
41,26777,13982,49,84.36039758843013,2961,185938
42,15627,14792,36,32.043938074339046,4860,386109
43,13792,2147,23,84.0317479288521,2893,110661
44,48323,14378,32,43.42789664757742,3194,355496
45,48021,7492,10,72.93199081681888,3077,422195
46,13433,11675,11,51.49596262587023,1062,400517
47,48001,14278,38,62.57429978896667,1368,231808
48,16016,7271,6,40.14029457527693,472,84075
49,28897,642,41,77.05247001294158,4480,141931
50,7612,14012,47,43.093748973792174,2668,263023
51,28483,3261,34,46.28870301199637,4842,278594
52,22159,3935,36,52.250188154864766,3793,74104
53,49974,7122,37,83.35058772021236,1704,377971
54,45994,13352,17,66.27851393154502,195,119222
55,19541,11123,40,35.56687827000923,4469,291955
56,40920,14503,40,67.36164376417274,4041,444858
57,31531,7569,12,64.60023072784915,1300,409157
58,6585,5012,21,93.17090831209073,4044,374989
59,8943,2348,40,84.30022716650964,4979,270758
60,28939,3196,19,65.09724545137357,231,58769
61,24457,2217,3,34.809203957720314,3215,145369
62,6021,14178,18,78.17806843726568,1490,100375
63,16653,3572,19,57.9456210132173,1249,475294
64,48573,9759,47,98.54172882198925,3610,62268
65,18417,3286,6,25.5031067284106,3747,191916
66,45757,14654,16,8.88592825215781,907,386318
67,14692,13909,8,7.919289376906821,4939,241835
68,11873,4291,48,64.36300844681637,150,414821
69,10675,9980,18,93.98676266224086,3308,192305
70,5161,4371,48,1.1912595148590137,155,298339
71,42065,2306,43,72.85133364881996,3764,342640
72,31557,14975,39,66.0494530707616,843,461022
73,38763,2004,49,73.49811502972712,4638,221398
74,37606,3808,49,36.18513526947122,2976,128807
75,16534,7617,12,82.22914802112766,179,220585
76,34127,13804,45,5.425986210467333,4572,232833
77,45397,5548,10,75.78767896158072,4040,331609
78,30851,11643,7,27.440122193559684,3066,482718
79,6016,8763,46,48.20693971094909,3828,189322
80,29253,2190,1,82.44099088416483,4636,110503
81,29276,14079,49,27.864544483922565,225,288026
82,28247,10036,36,19.335543652745454,318,71310
83,29300,14942,21,68.45000534944053,1047,304740
84,13529,3803,37,53.80609425917365,4473,310199
85,22262,3613,24,51.92598300587226,694,442445
86,14268,9574,25,26.420182038253404,240,296501
87,26271,12926,7,4.453150276182738,2993,405662
88,17185,11354,42,41.61664469483997,3155,82206
89,26243,8350,17,11.54938856630903,1730,59764
90,44099,6916,29,90.69292591427102,976,236668
91,13571,2004,30,5.083782023701321,4305,290269
92,44976,11155,7,43.73343456425376,2760,456058
93,43044,11245,33,6.17231278638196,3490,284099
94,45774,9424,7,10.458843581911866,4991,270651
95,7568,10440,24,66.22780002528017,2129,184048
96,7027,4424,11,65.06401483643536,4924,188498
97,7695,9115,9,4.272167293064538,2652,466103
98,10258,12170,12,1.1120160369661494,3711,76710
99,27002,10283,35,8.802989647035616,1140,353531
100,44504,4985,4,76.53689087348228,414,490686
101,38159,13129,36,58.873070802399205,3559,187558
102,18986,13733,28,4.773706273660669,4272,220330
103,17666,13401,13,49.3216045714099,3125,424562
104,43660,8600,23,71.49090634839068,3046,297704
105,8561,9184,19,87.02618806547983,3336,334767
106,31854,691,42,93.46961257524204,3780,335950
107,43952,9190,37,33.4166157324526,4907,449189
108,27662,5417,39,14.447410412913305,3206,489431
109,13392,6331,24,24.4556661524133,1637,305223
110,35535,9948,16,77.84097771198215,3972,164162
111,18067,10660,33,97.17693728918876,1967,489155
112,28599,4822,12,47.17296811867767,1261,210229
113,40222,14182,34,31.229968141231186,4020,55521
114,16837,10878,7,43.48986761404341,3982,325035
115,19039,7499,11,31.17650131986811,2856,132331
116,35818,9508,31,26.392264797508275,2012,72474
117,24115,11912,29,59.78132448831078,364,207579
118,15965,7782,13,2.5578620569808956,4528,60687
119,29538,10165,31,26.69567261783383,1402,148550
120,47530,9778,2,66.47682570665391,1294,454225
121,10056,12891,39,4.174206934373698,1626,400906
122,37482,2374,15,9.236979834384563,3704,138484
123,13110,9562,11,30.046218333792694,4494,412619
124,18773,5263,34,87.9026750622895,2348,356435
125,32266,10734,39,76.72372985636433,1258,98296
126,22412,8964,4,3.193506312208109,4467,90225
127,38270,9721,11,50.669568852160694,4730,84828
128,11910,11910,29,28.19406190475426,3613,479318
129,30446,12761,2,65.21592024714423,2178,292463
130,5206,1551,16,72.43383437675266,1244,499558
131,26518,12725,39,86.42339513579897,168,345856
132,27361,10265,13,48.06620747329741,3817,338967
133,28419,11882,37,99.45055876601286,3108,448577
134,46523,13080,17,98.01862462142383,926,403518
135,27403,8038,21,88.33450572263229,1269,392318
136,23141,7911,44,57.912080020649015,1083,350196
137,19820,12489,19,40.40263731287769,4676,335409
138,45342,11981,7,37.07424470383871,4077,402431
139,11374,6820,38,2.200350258686738,3434,354156
140,6678,12439,8,25.668275226994286,2440,323060
141,38827,2605,13,72.16201525996729,2115,437606
142,21198,14080,37,60.759577889413585,1552,387189
143,14914,807,2,91.72579672758583,2233,226604
144,32890,8237,41,5.952204424739229,1139,490875
145,27299,3859,11,16.37238371455573,4823,139860
146,48585,13764,24,79.13513514586089,4313,457219
147,48689,3676,6,36.492255488338046,3566,274551
148,47557,1751,26,12.716188038069914,3126,92634
149,49020,5866,7,99.64860000490883,4357,279709
150,7693,11439,39,78.93777996426692,2847,407623
151,34467,2017,19,41.465362639054135,4362,124992
152,34723,6726,6,82.51140021766788,4495,323513
153,8627,5805,43,68.37978314179618,3595,331473
154,30939,10070,29,79.20750119741349,3955,259826
155,47941,6369,43,81.70543137899934,661,398844
156,26834,8539,39,9.388139645741473,2303,152960
157,23047,14507,2,62.67431588112147,3519,62410
158,31105,14830,19,1.6717697447059314,1244,210802
159,15230,5391,4,5.302168383815891,2799,445881
160,20707,5492,6,90.49402089652824,1651,483115
161,26976,2461,49,53.228808414323744,4121,218775
162,49262,12997,37,73.85429660098396,660,280083
163,28776,3363,28,84.01159805387145,1287,205244
164,35080,11348,30,95.00908998889392,3233,52684
165,6306,11186,7,87.06593194435679,3511,462966
166,11776,7103,9,48.8478334210321,1789,332031
167,32251,13755,25,34.26106043067064,4507,201898
168,14474,5067,33,16.294830384397777,2523,449396
169,45294,7013,1,40.631826766240714,1469,358923
170,26959,4505,6,37.28286433695518,680,380239
171,10530,12255,18,56.39790935363146,1076,243360
172,34320,9614,10,66.88543146696414,4372,484121
173,8748,12924,28,97.85422216805969,4709,250579
174,36968,13154,11,73.11023242397252,2456,177510
175,37562,11651,33,64.73110471184941,218,151261
176,18545,683,1,34.17415099256591,1642,106068
177,5663,8255,13,4.415883773334272,4962,330257
178,39766,3858,37,29.524387756614484,3143,355005
179,12994,7115,20,77.07634214550215,1072,390631
180,33021,10090,1,21.321922139576373,1015,337761
181,35303,7297,3,71.50663117373733,1537,410474
182,8304,11488,18,58.39820441437217,686,445799
183,44353,9228,41,18.013830105296023,450,272236
184,22675,8178,14,26.900855822891163,4691,338394
185,49417,6198,31,50.134056745161175,2662,53055
186,28938,1773,27,42.419095805676896,1970,384481
187,28664,11659,17,78.0778209071292,372,477642
188,6636,7153,46,73.70605961178146,3027,177615
189,25080,11741,29,57.88287584382869,4458,152255
190,32728,1596,36,82.40519643581959,3539,372676
191,31736,9997,37,56.70428452774655,3141,286675
192,33673,9607,26,96.47453640906876,4048,139376
193,42505,11773,17,22.505185815957063,1864,59933
194,5854,8502,22,71.69906736661312,4390,81979
195,29548,4747,25,37.624469073392326,1870,95047
196,43623,9720,2,28.617653247599193,1622,54137
197,12392,5814,22,18.858360120803574,931,323567
198,26556,10669,5,55.69784414989284,661,139851
199,43559,3854,4,22.331473842171917,3640,84482
200,31309,11203,36,20.834734293392184,4236,487372
201,26919,770,6,99.06265860329798,1579,364627
202,9931,1686,21,80.37299426773032,4566,282723
203,37970,13247,13,75.07940520518316,1305,346898
204,49215,12892,37,79.61200196239274,756,479528
205,17688,12456,25,96.92336449815551,4040,73363
206,30342,14498,26,57.754392186567145,689,329229
207,42157,6805,39,22.804143862883194,4426,106889
208,7327,2898,20,86.35875443457067,1471,414234
209,45772,13221,33,74.53034221595492,4674,129951
210,45545,7495,14,42.01652292108314,3851,311050
211,5197,12927,36,47.88338035888999,3859,178227
212,28509,14282,17,41.71398744940804,2200,442069
213,39698,7799,21,93.06427386267141,1984,368558
214,49542,4682,46,35.00962953833112,847,167159
215,20087,10403,16,96.38494358696107,563,228124
216,27671,2730,46,91.11690535414104,853,136934
217,30184,7011,16,63.42159308256916,682,82691
218,32848,628,20,58.40235553690739,2305,267252
219,47107,9961,29,37.63883872692712,4214,104697
220,25666,4172,28,2.815500512054338,4250,446260
221,49357,10293,8,13.634695437537573,4127,316027
222,20708,5265,24,75.66890101160531,4916,81712
223,31370,4470,3,47.68247253222836,3453,265932
224,7811,8045,25,15.833975284608842,2908,163655
225,11546,12936,19,27.132124559055228,3703,333689
226,39754,13772,33,94.83585308485297,4013,330348
227,35206,13639,2,37.34615069571624,1519,73268
228,46106,6052,15,90.8605125766962,2267,298562
229,16411,1127,22,31.158947397064093,2244,134383
230,7911,12489,10,54.77878934234893,2267,479355
231,6734,14280,18,3.0272312528575913,1660,302982
232,23227,7089,22,52.665635926984116,1276,287903
233,13680,2544,46,64.05725905045239,1368,256724
234,24360,12244,49,24.196204834380612,3687,300736
235,23343,13671,27,58.314780444330346,1266,169755
236,10759,2841,13,65.06960943304756,3675,409084
237,28078,6384,33,69.0017217597939,2941,340580
238,40153,11906,5,77.86392888018821,1970,278757
239,16111,8685,26,31.822585050012233,4029,447341
240,42504,749,13,57.20991868675594,2367,484750
241,6802,3425,27,98.17632394669485,2986,410668
242,13155,5543,14,89.91627289585055,259,136842
243,13120,1474,24,95.31387738173828,2758,355117
244,44384,10017,3,39.22750345432857,3863,126369
245,26918,7692,47,78.90588248376952,4834,137533
246,25445,9675,49,62.36989722427443,1155,83521
247,35306,9580,30,9.190773223161868,433,276556
248,21646,11629,35,82.57405852654948,3696,293251
249,36065,10809,48,68.0330263593791,991,450704
250,30199,3172,14,20.692818592011413,3087,352118
251,46976,13662,12,8.894117185516674,4547,436044
252,21371,7779,28,83.86519093418474,1462,92448
253,16835,8031,44,8.811281119628905,1025,320082
254,7049,10018,29,10.044032671277227,2543,232185
255,36616,9162,43,43.313420502527215,2677,154262
256,43191,2487,17,14.34498501352823,4080,458986
257,25932,590,40,91.45329014682922,2505,233707
258,34855,9221,49,47.558109690060434,1519,253243
259,12158,13448,21,57.345947084802575,2975,255237
260,48016,4559,23,92.88250285833067,159,238894
261,12400,13526,20,53.49605933819651,2624,99934
262,47642,3273,11,36.005523449774536,3897,377670
263,20151,13659,34,79.91835547576736,2759,409348
264,6154,10378,10,44.84216955004586,4196,333631
265,9499,8883,10,32.528473134628236,1678,234391
266,11295,10678,43,72.59971640194792,4506,325013
267,17183,12315,6,80.35896198469126,3205,295979
268,34299,7909,36,79.37990059084287,807,255827
269,17874,10877,24,97.78976699874205,1880,221869
270,37711,4940,12,78.88002793862131,2513,237370
271,10539,7847,43,77.22341015891993,3506,426720
272,47405,1508,23,85.8910401198858,2261,132209
273,7557,4283,27,1.018334334248838,3639,132299
274,43360,7146,45,36.8807097075893,708,94933
275,21482,4798,37,74.02270650740779,408,126579
276,7200,5168,6,60.37218209991746,4407,190642
277,7961,4787,1,18.579628260530146,2464,187958
278,26357,2552,6,31.06957581976599,284,486303
279,16969,6509,22,34.34246849712857,345,140177
280,7869,12000,41,57.214983006059285,338,379863
281,33643,2216,24,83.32823134766656,619,406750
282,29736,810,25,93.31668619799031,4007,446990
283,43467,14891,15,75.25914887251027,376,79018
284,28328,5038,26,84.45208862750417,4128,397983
285,30876,1760,8,47.53949988670009,4409,457488
286,26295,13657,24,39.58775664260645,705,203658
287,8987,4432,48,39.87814468227748,4673,345689
288,27399,11960,38,61.98781430565575,4703,52566
289,38986,1084,6,13.299433850025093,4153,289471
290,25880,14382,35,58.36992409623586,2812,126489
291,9735,11491,42,66.84815315818882,241,377499
292,49064,14325,1,44.451965280417646,3761,474912
293,9555,8116,46,95.36355050034557,2469,122940
294,46914,9051,36,61.213113965577946,1817,176731
295,45818,14511,12,22.779947751425894,4656,148382
296,24830,3366,38,48.44240948591811,4865,260674
297,22429,14865,11,67.8650392763941,3527,483951
298,11893,6398,12,33.03928333346742,2424,254447
299,19373,2511,42,8.884519022613294,1944,281538
300,8436,6751,39,58.76012783637761,499,436009
301,13754,5439,7,94.83914669334831,4863,493853
302,15677,4506,11,49.0221265707542,2663,72129
303,10895,2125,36,90.70479898405675,1622,80845
304,24738,11456,31,83.6673352487977,1434,129449
305,35746,1390,33,15.593865579764353,2723,298380
306,37352,14779,13,71.10882226172151,338,322883
307,44790,6578,18,44.11108698212587,3315,239244
308,46919,13747,41,25.77438620103075,3747,183745
309,10600,14256,24,69.0068972110036,1716,284669
310,34124,7536,9,74.52341114698571,2529,81171
311,32643,14249,31,18.80973555474904,3752,139179
312,45764,9423,41,91.53002352356464,1821,150022
313,14007,4461,10,75.36357715119266,1372,191696
314,42410,13393,2,93.4041744150549,3239,158906
315,49080,3004,38,32.39024865760541,2978,102930
316,45447,9306,15,93.99416655855569,1635,215680
317,13208,4306,3,37.48324812599971,635,99649
318,23589,6600,43,6.343006381311782,1048,263528
319,48484,2219,31,76.53396948219331,2742,462905
320,22453,13461,6,70.64730626474574,4041,113503
321,41212,14058,3,60.193188234069915,1121,223196
322,48525,7186,11,49.499480694033224,533,428803
323,37635,2087,15,4.184361761940508,1503,146875
324,38828,7500,45,62.83512790049528,3611,450803
325,23711,10303,28,42.26662690705657,3035,446743
326,8420,1396,10,56.460730871353555,4978,214139
327,36216,6058,38,43.50281285479599,4364,101538
328,5301,8969,47,96.6395571437547,4904,87455
329,5699,5147,7,60.80678121393387,3433,283547
330,5190,10328,15,75.17439672964426,1702,70243
331,15492,10850,18,93.69834779963725,328,173793
332,40743,2932,18,59.568332968757225,4622,475909
333,11102,4404,41,2.1941892644176746,4317,423515
334,24778,13548,24,4.394876152743693,2296,119231
335,31641,11954,2,70.53150497608432,2999,124648
336,39584,7337,40,28.629428478977065,210,344203
337,37745,1949,20,58.35859300744693,1344,239939
338,28093,5000,34,21.025440927976227,4259,122778
339,5569,5954,43,27.7546386311097,2785,387621
340,43210,9924,26,50.95946453885946,3901,105283
341,39663,4617,7,97.58137687225212,3967,113853
342,41631,9369,38,62.010778431709966,1477,70001
343,12455,11350,30,93.6786623467893,1871,52700
344,9014,2528,42,95.9786055843078,112,493373
345,16093,14019,5,21.602889645630235,4434,461301
346,23070,14843,11,31.8081666444255,3361,430134
347,40777,7345,1,77.22923584065171,762,239219
348,21538,4258,34,86.80963622684304,3192,325483
349,15729,6404,1,52.40344767476325,793,459050
350,39177,5124,19,99.32938066077438,3490,299126
351,5784,10729,2,2.1456476767717567,1281,257692
352,32751,11341,21,30.659672902936347,3118,438522
353,45864,14464,20,62.6930136207134,1604,341687
354,45328,9348,23,47.459701182810804,2002,348074
355,17533,665,21,12.543693676451275,4271,484290
356,45111,13636,24,37.4109214625758,428,278510
357,44974,5091,4,3.5192671862088662,1539,241745
358,10801,1089,12,64.63185856145266,3946,79044
359,24190,5024,22,89.38151175663917,4267,390817
360,43754,3321,20,88.60253825456243,324,478121
361,34592,12950,18,70.2549029027891,2620,497220
362,15647,7009,1,47.11124935429483,3814,243833
363,13716,8193,30,51.69113025045748,2507,252556
364,28355,9954,33,14.554963575570628,910,425141
365,27009,571,24,34.7606922188011,3217,278479
366,29376,12208,14,19.585079474329092,4873,133725
367,9780,13442,36,82.2988201316455,3390,338156
368,7368,4080,5,91.56063623245801,4486,390657
369,17039,8462,11,54.15540288059159,2351,147585
370,11655,768,24,73.04864001078147,4761,71694
371,45941,10468,31,13.02501231980562,2629,225460
372,9495,2962,13,61.2449296844466,4706,410904
373,15893,9960,16,70.57631111640676,1023,263440
374,30547,1515,24,45.824044821628675,3152,82835
375,27386,11414,13,25.084035362599163,115,430921
376,18403,9775,24,87.86007753359775,3696,248470
377,37097,12793,26,74.54796327541852,2503,68186
378,18121,13769,2,90.0858709030703,4551,210617
379,15966,8484,16,82.02186210228452,4110,292130
380,38621,906,38,99.04706852830739,2746,356535
381,33312,7884,46,20.025100588230444,1201,155858
382,27677,6549,1,9.588029012593434,3075,416343
383,36289,6669,49,34.363276342388595,1190,489004
384,36024,8482,11,13.77141332730263,3006,78401
385,47675,11768,35,52.78988117771621,1846,147764
386,9777,1485,43,63.66986163536651,4409,108611
387,34749,12295,29,58.250572902166965,1820,324346
388,20338,4985,37,26.664773403636744,548,244440
389,7491,9401,17,90.97357906591088,3112,284891
390,32236,3118,39,3.0960640098024665,3604,345279
391,19599,14259,42,35.4533220225858,1668,138121
392,24508,13541,28,72.18025506440804,3286,163944
393,8051,6789,29,76.92596370856678,3591,306556
394,26606,10103,43,42.19573589875413,2646,163765
395,26699,7428,3,2.674071512380342,4905,113535
396,5876,5868,10,62.18632423325,4575,458113
397,37093,5121,42,7.246373437138355,1147,429472
398,9142,10177,14,11.677721839197934,4734,464507
399,20202,14848,12,65.37482124497281,4948,496624
400,44734,11642,47,31.936344288142628,4730,235165
401,12079,13343,42,35.45498511811704,4868,447723
402,12987,11626,30,49.1939006213411,1164,427617
403,44567,8066,32,97.87926109107802,3921,472070
404,33940,12806,32,96.57877985313233,667,163056
405,42233,5170,42,42.20983893664744,1536,327619
406,22019,8158,32,27.284422504609935,4610,225977
407,23077,1503,26,30.95662311374746,4644,129870
408,31258,11158,1,27.609348517998807,4805,134366
409,26136,8004,42,53.69233490703629,2805,173836
410,13311,2966,2,61.079120972291925,2583,142814
411,22214,10630,17,49.38915943473694,4900,396429
412,19098,2439,30,41.39144186256708,4929,277119
413,33251,2135,39,21.91721871942384,3879,90185
414,42945,10390,7,48.76805354682922,4995,114398
415,30945,8595,27,34.76916866644335,2894,301326
416,30316,6765,9,54.61795081703595,1960,146682
417,37217,13219,22,67.84375213565077,3436,126593
418,13308,10783,34,63.69790526922445,1990,207499
419,10949,2395,46,46.786530830153744,4926,157518
420,6150,14731,49,56.049190003716134,4391,105535
421,28944,14128,1,29.200756965115207,1197,159626
422,39699,7024,9,3.399785643216579,1738,426334
423,14204,12932,20,62.87692596264231,1758,244762
424,6081,12090,19,26.004287354631007,1225,326204
425,34305,1573,36,67.22641729675918,363,493857
426,21896,5684,40,74.95384146009897,3092,194679
427,12805,2902,45,91.67684686427434,260,113560
428,10237,5395,4,95.85415675248169,1356,245285
429,25056,7831,9,2.042078584660443,4965,139610
430,8343,11904,41,99.0470467261091,410,242848
431,18500,12729,22,68.61881353092194,326,229936
432,34375,9843,18,64.70889187704473,372,266381
433,14662,11137,12,2.5060964243401855,4512,82970
434,21964,2456,42,86.26210777678702,2022,209282
435,13130,7523,43,15.40365327753481,3257,94088
436,24531,13250,39,83.89568523937106,2438,61683
437,6679,14562,9,2.5406920796128842,1701,446178
438,8506,14833,6,64.95046198741696,3818,412775
439,18284,4407,19,44.04535184321295,2522,243320
440,12253,1307,48,20.875906176874178,2025,276608
441,24128,8878,47,11.648577785272977,666,216624
442,32932,14531,7,44.572641958086315,3015,423933
443,14435,5327,16,13.207274726821051,351,280179
444,49078,14723,5,49.15821455741371,2454,95321
445,18296,14001,16,62.89648880663238,3601,490566
446,35445,14199,1,82.91103516712846,4870,375709
447,18245,5024,37,68.1862942811038,2411,170454
448,34124,9999,39,7.454776903908896,2215,224933
449,34899,2784,19,31.43582072223588,1702,220236
450,48919,5813,37,29.50988218531754,3370,132095
451,48225,14098,17,91.58820992363734,613,163610
452,40247,13558,26,86.91042239488358,541,226035
453,34222,1257,22,37.64464391669128,100,53532
454,31211,12923,8,8.044370332375529,1002,164527
455,42220,5387,33,89.5166244626686,1320,463949
456,31646,4354,2,88.93080534345454,2421,395607
457,43649,12958,30,85.61986707104178,955,308950
458,28049,10898,47,84.66308213581466,1117,486330
459,19069,4058,20,48.54514610752931,2320,273289
460,37580,10272,18,18.565733572710226,4780,317600
461,36843,1461,43,48.271316995780346,3604,53413
462,7849,4347,10,49.96517929627702,4650,57085
463,45158,7226,24,49.503243571241214,295,209009
464,28289,4075,4,54.3384860253965,4794,70563
465,49690,9567,37,26.508045276124356,1432,349719
466,40257,2918,4,37.25787693222789,4751,309605
467,14823,4698,13,43.984472604383484,1617,57386
468,46975,1501,25,13.980999742133486,4634,150244
469,14540,5744,13,46.08104932158855,2797,109150
470,21364,12076,18,81.23649208988971,4554,210644
471,9611,7619,24,82.97789473055475,3207,438197
472,32663,4566,2,41.744813418202,1157,216343
473,43646,3345,48,52.362022896351,2805,230882
474,35977,10173,33,4.331382881370607,2163,126566
475,34168,11993,19,67.7688230903911,2892,194210
476,30471,9349,9,41.05598241173944,520,179549
477,27687,5816,28,45.102290625251236,4748,228441
478,5851,11472,35,87.49359999079671,2914,196718
479,23071,922,39,46.72160902150023,2940,78812
480,11833,7215,10,3.0980323765574234,1131,138958
481,16938,12373,1,23.521598196037175,1591,388325
482,40195,4766,42,48.08644081651764,1985,326772
483,31144,8049,21,43.01523298210504,609,74486
484,9000,6816,9,86.17664359076758,1959,436078
485,10052,3210,47,54.6716134213105,1958,311290
486,40506,9144,15,69.27393844959698,1013,351410
487,33074,11089,35,47.46300640730354,2165,400412
488,43155,8569,5,44.52591767185733,3066,96557
489,45770,10667,41,45.18238017896078,4989,266033
490,37320,2157,22,41.681235399690046,3937,258803
491,43304,3041,41,54.31975519956614,1696,265330
492,8913,7263,23,25.793896773606765,4542,66494
493,22450,3575,7,89.21446419034027,1155,464787
494,29107,3664,23,33.97546926129342,1123,346630
495,25764,11658,44,15.604859583557335,3304,269508
496,48404,2553,25,10.558497381176768,675,111635
497,25491,8979,27,2.3288685968926335,298,181197
498,43494,6237,41,42.86275177811928,1465,98814
499,8373,3717,6,19.573487865997045,2098,173141
500,17161,12546,34,3.1431423561375436,1116,462534
501,36996,1947,9,52.48193508266285,3718,112363
502,32122,6509,49,68.31787631642538,125,93162
503,39850,1107,33,9.48935404019933,1658,297364
504,32350,5052,6,46.6311565190463,3824,177083
505,32472,2264,37,74.61923918147392,3558,57590
506,33761,9917,31,98.59487527983408,3456,346994
507,30351,9927,34,67.05184411961353,2467,455350
508,28132,9721,41,25.239115530142538,570,442235
509,20305,3171,29,71.93881033812096,2567,337374
510,14817,7019,14,60.19501325516317,4846,327202
511,16261,4462,36,21.968129569573225,985,129837
512,5417,13234,36,85.25997175890791,975,153397
513,46576,13622,15,43.313038295532486,1041,339183
514,25358,3677,8,96.23578781867846,3141,302903
515,8267,4222,26,72.56719973733001,671,246892
516,22209,5406,36,64.81175230855038,4249,350478
517,29052,14212,48,73.10693091017963,704,93525
518,43513,7763,21,48.33160486300393,4520,176681
519,31092,14199,28,51.01742130236572,3629,134194
520,16338,5554,4,85.26953115902965,4460,209515
521,5412,10167,16,68.41192512770678,481,316116
522,12543,11588,22,89.82708919397253,1336,114936
523,45355,1308,12,89.19184860385259,2480,403847
524,38496,9670,16,97.67251337038067,3879,159877
525,28548,11155,40,70.32125122568809,2205,341663
526,32384,1225,38,50.727870048512465,1617,414561
527,49425,11193,42,17.464858320699154,1633,388008
528,43756,12054,37,70.8326754050943,3394,105881
529,23888,8201,29,29.86619395923314,3540,336876
530,40735,1716,18,29.011809235695793,3589,198745
531,22506,4551,10,24.59048986835874,4045,125909
532,25463,2697,42,87.63708367779357,4742,298271
533,22955,14691,39,86.92848022153366,970,55720
534,42841,3306,18,63.46607404213576,2250,371259
535,10104,9470,1,47.82511715570285,3332,427987
536,39911,1472,39,67.53933154978111,3331,101940
537,28190,11502,21,61.11571557954068,3866,448369
538,12357,6134,1,42.15769058401535,3307,121762
539,37479,14204,15,38.5834558810778,4593,249584
540,49811,7983,4,38.89663650638967,4587,219091
541,41208,2623,20,59.324206912447785,3926,134833
542,25150,9290,10,65.11926625596176,1712,459803
543,10644,12033,23,45.72243359802876,1177,330350
544,48286,724,41,96.90045357109126,1400,403615
545,7914,14341,34,9.300726082443623,2258,407313
546,26352,14948,46,35.357655569423926,2371,322880
547,49912,9532,48,42.48839362941865,2629,419081
548,19397,2314,33,2.6752130030293686,3360,188043
549,46555,13501,34,37.13076157915429,463,368721
550,5728,1606,39,28.09728180011141,945,307989
551,5698,624,10,51.097590752520595,3132,468940
552,44954,3746,20,34.30464417114366,1427,181003
553,18923,13880,1,72.89203135969966,3262,399846
554,21779,3431,13,51.483317045357204,491,390838
555,12400,14067,1,13.846461116130172,3355,303686
556,29466,14538,5,75.25607109029038,2159,403454
557,41939,12817,16,10.823660712184983,3337,105155
558,9360,3471,15,84.06586763985638,2146,178491
559,40270,2517,49,93.21079721453572,4341,192180
560,22101,7915,28,32.922083728300535,1405,127613
561,37307,2915,31,92.68812069303016,2994,106938
562,10486,13282,23,79.50780775313129,2132,151163
563,13335,3596,48,92.32112548937322,864,380642
564,26364,2109,45,66.96074355516392,598,278861
565,42259,1217,43,24.328759902720765,3468,67751
566,28576,4061,17,89.55780045418628,3044,423305
567,36667,9708,49,19.24224254090363,3904,251818
568,16130,12257,34,22.092994550736016,4313,344534
569,26972,14125,13,27.83523602389601,4560,413357
570,45419,13393,14,31.12038483717188,235,158712
571,6167,13162,11,51.93348457097203,1200,459209
572,32192,7282,28,71.63227868297037,1971,110403
573,6062,10652,42,92.69460926566768,4133,339003
574,23540,1548,32,9.755321146214742,4213,464094
575,29244,10049,35,95.48256686059536,4112,149124
576,26545,12118,31,92.21097374258453,304,175940
577,26689,8807,17,6.345929925922855,4694,339244
578,16174,10787,47,36.67179263146471,2471,243356
579,27925,8405,9,81.5011956396343,4790,483239
580,42497,10493,10,61.54607800246071,661,429494
581,14348,10838,8,78.13030039479527,3414,490925
582,28714,6078,21,72.18430054019886,4060,433936
583,43102,14334,13,50.18024119958919,2626,279179
584,13924,2120,5,5.080586549218253,2311,366668
585,42098,7048,6,58.8425520043856,2471,152757
586,29394,7881,30,5.808098652870301,4835,135049
587,11801,5280,31,60.76894503597796,2781,94974
588,42614,11642,17,80.24067538687414,2906,227550
589,11731,4292,11,58.91418312148994,3869,365912
590,28625,14259,20,99.70515865160802,2355,261468
591,22337,3441,48,46.130783517862874,4510,360688
592,40307,6195,9,75.13391889679475,1000,461266
593,12056,6901,2,67.05411588244884,1850,200856
594,16516,14956,37,99.15173746425071,4999,61774
595,49261,13597,1,71.6086815026334,3395,216040
596,6542,9669,4,17.23904241447955,3259,127678
597,26677,6697,36,95.59625293530685,1552,362279
598,44081,11758,25,67.10994541813037,1343,466223
599,32569,5950,3,6.8744848498326,2422,75158
600,28322,9475,9,66.09926227267663,1770,121587
601,24065,8932,22,88.42882126080274,2127,447331
602,22924,6374,23,58.12714433701248,1868,109317
603,27556,2053,12,36.047944165169106,3763,56371
604,31962,13270,10,82.27005377299099,2402,406370
605,33295,1512,34,78.46868881237711,1269,351499
606,18807,8878,43,54.87403326889878,4810,410100
607,47348,2381,10,16.28181521969413,2532,224447
608,31432,7299,30,25.847662066794957,486,163538
609,22749,13740,22,74.10991324642447,2530,248491
610,46459,14175,6,80.80213437409782,3448,251429
611,31256,5086,2,28.647262526057986,1505,152126
612,45262,9122,30,37.430522641491876,223,58338
613,42080,8930,2,8.685556639729718,4097,203079
614,6324,6947,32,71.63273288828348,3552,314621
615,30731,2845,42,1.3541769154031034,3996,259743
616,40909,575,16,5.607610600687739,1724,354567
617,28803,10048,12,1.430062710624901,1281,388117
618,24870,14711,1,64.88663875042405,827,491316
619,39578,6377,8,42.321325642354104,3984,341380
620,11588,7285,48,30.457129372989694,3770,181440
621,43069,5422,13,91.35740002535393,1241,337983
622,31790,8590,15,20.08747667298406,2475,167537
623,30289,2830,44,39.54743302775866,4131,161902
624,33178,5186,8,94.09086829184741,458,413195
625,33710,14907,10,43.2835497208672,3842,57139
626,20485,2402,46,55.91467487905872,2944,208213
627,49482,14698,5,8.95334979037927,4638,420458
628,25652,12705,19,79.22647230245276,2311,376406
629,9748,5170,47,42.85311893173558,1072,187776
630,26233,7643,38,80.25099733524985,460,182959
631,14435,13679,11,26.12596661304322,2732,324119
632,8709,2559,43,42.825396305579595,3290,181616
633,35355,640,20,78.86834470013602,1724,134984
634,18116,2289,20,97.41389893732033,4028,138366
635,30470,12318,21,6.902926914339618,1856,227395
636,47344,516,18,81.43316156447153,340,170491
637,47918,13874,10,30.768217695083912,4861,100382
638,44298,13040,34,55.52358480821614,1075,336070
639,47956,964,26,29.719134230124045,4418,146538
640,19683,4971,30,61.73110178423103,2413,163117
641,5504,2327,9,36.02648023375358,1405,325477
642,38982,11720,46,34.027874206790464,887,329086
643,39299,9211,31,4.755892980657617,2528,261292
644,33016,6456,42,15.549080184477342,655,465663
645,28960,589,4,91.7907416876824,2209,124397
646,38591,5315,6,99.82946545845138,2749,205905
647,22312,3351,14,78.27153701109104,1659,264062
648,42797,3343,4,29.394449852575192,4335,333674
649,7105,13417,26,40.84206870591566,1463,97060
650,41395,10576,47,74.21084203570219,4059,131292
651,27700,12863,48,96.8828421314366,689,250630
652,39620,9617,39,46.09164590220739,1849,91104
653,42678,12426,17,83.1227191135491,640,52634
654,25559,7043,19,97.53182333727297,2522,246282
655,32509,6401,49,87.47384393454442,390,273753
656,32860,1469,6,23.487824930361366,2190,319432
657,16003,1594,29,1.7951545236866706,4035,255600
658,26732,6624,11,49.7160888334531,4058,84253
659,30826,7847,16,53.60472233783142,3959,438772
660,35354,3695,30,20.92378609056579,1355,77005
661,18843,1904,25,29.182764802734948,107,298583
662,49472,12056,40,76.75016292400615,1757,361968
663,11190,7440,11,47.564378612600244,4678,389846
664,22640,4790,7,32.41805427642541,4528,274673
665,43413,4482,26,62.63997670883002,1356,496790
666,47356,13015,22,65.62321584163641,4050,67798
667,49597,12705,25,77.17018190723941,1139,210373
668,45821,6055,19,16.514220280528995,2216,105267
669,8330,8454,31,74.41020798037204,784,447110
670,24087,13248,26,60.34341081893144,4118,53846
671,46430,5213,42,6.699614664976915,1897,113571
672,29504,3592,41,77.9671171970877,1924,326625
673,12114,4659,36,38.92494785198532,3634,174908
674,18323,6808,23,33.707712498634116,162,92154
675,39121,10766,47,45.3594400065818,360,232248
676,15975,7978,13,35.27133265330678,3671,179447
677,16023,8976,25,34.490273628781,3292,499844
678,26447,14471,2,80.99968910236193,1588,294372
679,29933,5433,2,13.326020182203534,1230,58048
680,28959,5426,16,97.0894067178884,4375,77386
681,5667,9879,9,55.93823279305998,454,214408
682,34703,4469,28,19.109475843709976,2874,154794
683,14337,3465,13,13.990332810236964,688,467069
684,41487,4819,35,59.55944368136328,704,346857
685,24129,9475,41,63.666944940845866,2328,197863
686,45251,7608,13,6.249551331951266,273,127481
687,36921,9641,31,25.057189498749793,453,484789
688,38307,4439,21,79.75073020092526,3390,352043
689,32355,544,32,5.912838146609024,533,140217
690,42732,2310,34,85.65377772669757,3052,327119
691,9835,5066,8,66.15808517610702,358,294985
692,25159,10773,41,44.00790267695728,967,123247
693,43810,12190,48,35.29685204812067,2706,160295
694,45080,9521,2,2.905647421040502,3745,431189
695,43088,2409,38,82.69627962943247,695,324249
696,18216,6864,32,15.12946354288527,493,99645
697,40547,14679,40,31.64465719434672,4531,442435
698,36471,3081,28,57.341591055917576,2210,342290
699,22308,1191,37,25.35326740705417,3964,261846
700,32532,12711,41,50.21690591146793,4239,447084
701,39349,14178,1,81.12494004513154,2300,496753
702,10713,1431,41,47.58325554423721,4097,356438
703,9804,13628,10,94.94875706784,3953,387740
704,15136,8410,4,84.90256141725783,3854,448649
705,5009,14726,35,33.970884300976024,4470,72612
706,24255,14361,10,40.59625033380984,3529,461038
707,28793,6882,47,42.90934597523019,4621,84120
708,34548,3906,11,62.991765839526956,4678,222076
709,42892,8839,14,29.39277718966544,313,71294
710,6015,1532,38,96.95566474342836,2226,134300
711,32712,1811,12,61.25973783974659,238,251168
712,39961,9079,45,40.54076421537222,4293,394263
713,13415,3621,17,64.85597173366517,4060,393240
714,28833,2373,16,40.14509604244106,763,185496
715,9158,12280,35,81.96177241696248,2932,90615
716,25309,9607,2,57.21625509462041,1173,76863
717,11970,10570,11,5.155079837200634,4674,293571
718,11938,7281,41,18.498929874922613,4122,79469
719,26168,4248,3,86.63440332992393,261,153101
720,25384,777,29,56.727082809322205,1600,204256
721,23017,10669,18,95.0840041748766,3278,401590
722,15344,2359,20,8.169808973207793,4590,162613
723,45034,11728,47,30.230802378511417,4996,167456
724,13702,12063,14,20.16079395071769,285,216247
725,5384,14613,34,55.83018893064489,4753,497865
726,5404,6429,49,38.896490276911024,2080,113872
727,45943,7292,31,16.57007987356293,4641,82208
728,34189,5213,40,64.63243948199514,4088,233517
729,17763,14418,42,54.09353821392146,929,101998
730,23384,10874,18,28.198888878333797,3619,369138
731,37606,5175,30,48.4973644204554,3611,293783
732,14860,1670,25,74.82809318907776,3428,233535
733,43757,9181,19,21.321895780515195,3448,109895
734,20106,11217,8,29.99766892347118,2585,82894
735,28574,9874,28,35.2649877223174,4711,71990
736,28524,13171,8,74.92591728290213,1325,485796
737,8636,12950,31,84.8453373555398,4951,123230
738,15916,11180,3,38.26246114771948,2944,86087
739,9809,10568,3,30.365465321557906,2833,320817
740,37201,5808,44,89.05522907681605,4520,219271
741,18456,2962,22,99.9371282870752,4096,344331
742,43765,14150,17,67.3650103265181,2770,335697
743,39816,10322,36,99.0080808839289,4882,297881
744,22100,13992,17,66.33666150238909,1598,233359
745,26949,787,14,73.61256692877467,1788,355924
746,9544,6453,9,39.47694415280785,2547,154794
747,42744,4782,30,43.8637871529063,967,289939
748,47783,2407,21,15.26943073495012,4412,132158
749,31657,1661,12,82.4522514617472,3108,51420
750,41187,629,37,93.17484405783281,3624,228512
751,12239,6837,32,62.72037523571709,2112,246948
752,19489,2863,11,35.02108353609445,339,94310
753,48125,8651,20,16.247616212062262,147,286896
754,33538,6483,35,27.25046674082618,4149,93953
755,37049,643,47,26.285631664332485,3557,317131
756,42131,8707,46,61.73926053219373,3379,272670
757,47944,7969,11,94.55870907099684,3328,226589
758,13427,744,8,5.778916808840164,1348,82456
759,46348,1426,4,1.1012076598503515,1267,168763
760,29285,3678,27,60.41801248711823,3590,219252
761,42626,2676,44,29.12198574589181,1997,271916
762,47808,5502,40,88.17428589155674,3636,135398
763,27928,1386,38,33.397780482675884,2279,254278
764,24198,9032,47,29.68402245236004,4820,167183
765,24758,10743,30,27.68155150061143,2070,401926
766,20254,3898,44,15.340429899556167,4796,434884
767,49238,14221,48,58.57151695343395,2820,310360
768,6252,12642,48,17.65314663108679,2481,79681
769,44764,8997,27,43.038484819238796,2043,320467
770,17173,9599,21,46.636233173309236,3246,379537
771,42441,3154,20,3.0287126409194713,3583,228295
772,31698,12484,4,2.6639207022931073,3796,146123
773,20781,7892,11,52.50105618692609,2925,141354
774,18051,12734,13,69.9074384906841,1927,206319
775,44649,1871,9,94.27210574576006,322,410952
776,11949,7635,4,18.732809131538556,1846,265148
777,47289,820,12,11.222622134172173,629,272445
778,13017,5154,9,6.156702785787942,233,320628
779,11941,12751,13,44.16811670838207,3903,211754
780,30934,5800,48,62.691589366259734,4586,120459
781,28386,7261,26,84.21478231837516,201,177162
782,15209,7354,38,68.58184334702,3823,485235
783,22715,6005,42,21.627718118410876,2828,393600
784,33920,14429,13,46.71526627323162,2645,486479
785,36703,9823,39,91.12428828455687,2658,203010
786,47318,11270,28,33.347365185259754,3141,104890
787,9637,7053,19,50.37430614410122,2100,63319
788,9854,4542,24,95.89796812972598,1048,419841
789,48088,12059,19,73.73609255179606,1668,176193
790,42660,9509,49,75.02629817852751,2153,371576
791,44811,13982,13,25.981066436909533,3105,450116
792,24856,7998,13,42.055113712207685,293,117696
793,26833,7136,28,9.15187414657545,841,459452
794,24963,7862,2,61.04606083800284,4006,368629
795,41932,511,10,11.269286289706923,3059,172359
796,32169,694,22,83.75504863838952,4668,243365
797,12941,3037,13,81.64082491497969,2363,187293
798,19388,3342,9,53.82690501110864,3520,75294
799,10569,2729,33,14.97543728650594,3023,191110
800,9300,3509,14,3.5323193363216476,3354,234721
801,44037,8484,48,79.87415808671467,3339,466576
802,41586,13443,20,60.413907838129255,3965,58255
803,17015,14709,15,71.38203403804044,137,249307
804,11254,2577,32,31.07690544790039,1798,159429
805,22144,14407,33,51.438791046547536,4666,137464
806,29214,8345,17,74.97024288342539,4126,491385
807,45118,4367,24,46.79376752306616,3313,443588
808,20183,13907,30,60.537038054104364,1883,496395
809,11238,5373,13,79.18309791898827,2066,162848
810,11090,9135,47,22.306843881371506,202,462114
811,16637,797,48,7.526960046390749,141,231155
812,27415,13595,16,53.65052757026971,3094,73855
813,29071,6356,2,7.150451301289477,3318,84758
814,47679,9536,17,76.88917214230857,3090,299416
815,46240,1515,32,72.20193331574508,4388,452823
816,23271,1884,43,88.2895544750644,3469,311272
817,41034,10089,8,64.3166477053621,1161,155094
818,38434,9245,3,7.652559504485002,2649,386233
819,9188,2850,12,26.062060423472122,1776,317527
820,15161,13208,20,80.98525261170921,3789,294951
821,33732,1769,16,17.546109314045186,4097,110112
822,16314,1760,14,70.14956631367384,425,443931
823,28954,8201,16,78.24567376112732,1220,190909
824,26508,8876,49,33.681067987668875,207,493915
825,26969,5063,43,32.907449866887944,2778,129486
826,42545,7397,49,56.222465439705545,434,123528
827,41668,11102,33,86.26734694272162,2139,470033
828,28061,14094,30,23.166713989434573,903,230875
829,18716,6172,12,94.18456140819787,1948,149354
830,44749,13123,15,60.31274979719071,866,259965
831,44144,10901,18,99.22052066387533,3627,382422
832,21907,6093,28,9.871758675536942,2406,63369
833,23777,12364,23,13.529651514169148,2929,110428
834,32693,6655,14,82.8375385676348,1588,186116
835,47928,6043,30,86.61083366478107,4229,115123
836,31329,7740,33,45.10041014872246,3666,403058
837,21282,5183,45,71.69304643809116,2473,188333
838,28624,2381,15,86.88817145710831,936,290222
839,28321,12988,7,5.269651033664039,3409,330208
840,15488,9213,15,57.8210918763326,3712,250130
841,27574,10579,42,85.49458598612247,4934,325834
842,10240,11244,46,40.41733951389272,2891,445273
843,48221,4309,38,30.935977005130262,4312,413169
844,15478,6307,46,79.77496182438892,4083,480805
845,24262,5383,44,34.24287176678078,3868,413011
846,9432,7706,11,1.3142555202658177,1604,64559
847,34721,4655,29,95.99768617527751,2550,456908
848,18568,5173,31,59.62020039875083,3144,360573
849,19178,13108,25,82.13227395229704,2133,329116
850,27195,14246,24,82.70485467192874,1799,91530
851,5302,12171,19,7.5746316169005485,2380,256145
852,22022,14825,2,17.915159739260016,1407,173297
853,5055,13710,22,31.800947395205093,2627,248250
854,13717,1909,20,32.749229219090964,3938,313509
855,33699,10386,33,66.21982565041037,1075,286932
856,13150,13356,8,62.6901591545158,2156,361827
857,7125,5697,25,49.96438802297156,4910,144356
858,49247,7952,46,21.915109498568025,2526,441550
859,21748,9218,9,38.816363499340035,3774,108896
860,44577,11352,34,54.81580287805178,2528,411483
861,9621,2672,23,47.33055124429025,3833,461217
862,20034,13658,5,13.60196077641276,459,449938
863,10126,779,25,65.30153885669046,2323,332244
864,10122,11656,8,8.232125904255394,584,432907
865,23030,4477,16,38.44127362502695,1528,460676
866,22302,3169,48,71.29290541984768,2180,270595
867,24181,11585,45,2.9823299174509446,795,111645
868,43638,14680,15,57.428299085486294,4760,119551
869,6531,8325,1,34.11757644018643,301,249570
870,45940,10443,22,1.8743524988507119,3957,316984
871,45441,4481,3,19.847943835036215,1298,493280
872,28333,5269,38,94.15367313379478,1367,136069
873,44650,5747,14,52.59374164500395,3070,398134
874,39674,11053,36,99.72549325828405,173,98105
875,40854,4927,18,52.95685828610938,195,55699
876,13152,13961,47,54.849704816736555,4368,449138
877,43518,6635,41,39.792458280352385,3577,468135
878,15267,6073,18,31.694001454410017,2302,239608
879,30289,4631,3,25.903009760161535,357,469724
880,6062,10400,10,34.998640996936714,3758,399344
881,34926,14231,49,46.525257009142784,4525,409950
882,11229,7689,39,20.007203072848217,2906,468494
883,9632,11378,47,23.262634088763892,4356,458078
884,44056,11587,1,27.882932098175473,285,194670
885,8596,14167,27,45.47672930115308,242,269547
886,49243,5035,27,65.62852331461006,3453,176473
887,11168,3276,11,85.75846887834244,739,205846
888,47563,9811,49,29.426051881527187,3849,233456
889,12561,11680,5,19.1891056938023,2174,314966
890,13258,12951,7,38.50589902020494,4068,480468
891,21616,12935,19,89.54392456081372,301,140585
892,31734,8197,29,1.9762121053768074,3192,137420
893,11371,8886,15,68.1089929897168,3265,325196
894,31069,1162,35,48.23884459474657,3179,133574
895,19369,9171,47,16.943575281107325,4667,180171
896,17910,8544,37,32.7811311011722,2202,281224
897,12943,4718,12,23.270054343826352,1010,169879
898,17199,10115,30,87.90538462112211,1671,456485
899,20728,5560,20,48.705465010554036,3548,328695
900,28275,11400,37,56.74633350937678,2259,119915
901,11738,11867,3,59.77507431436504,4425,319805
902,20913,6374,9,64.32209533563325,2644,245619
903,40240,6081,41,50.060013347217065,1429,384647
904,24123,12506,39,2.769479552795266,3713,145406
905,39529,2514,26,34.137546004550536,560,241686
906,15167,4289,2,19.20345083137813,906,303043
907,15554,13497,23,68.33414144825602,3799,291575
908,22260,11135,23,6.613760485634619,2373,262282
909,8812,9603,21,56.81653572005278,158,398074
910,33024,14148,16,21.852540505155794,2575,194603
911,32285,7648,9,94.93573800823906,4923,464586
912,31900,8266,13,34.21855327646701,1255,311697
913,6605,11905,28,33.19689794608879,597,496216
914,10622,2864,27,92.41508213108165,4425,461781
915,11767,14522,17,42.317444110109996,4528,436678
916,32139,4129,38,96.32337108438847,4076,444048
917,16613,6419,36,3.3928648612168457,1707,490194
918,15589,6175,1,31.328112945012485,820,191257
919,18918,12164,18,66.95310306637668,1374,184564
920,25119,9372,9,89.19483948823621,3967,239310
921,32446,14121,13,26.384153707820108,790,108859
922,18046,7138,40,93.11728160440315,4123,356774
923,29818,5151,45,59.81802518341963,4252,246896
924,40358,1109,15,80.29981607659369,3537,221656
925,9324,8440,43,40.323523126382824,2455,51076
926,15787,10848,44,22.00585787412046,849,163868
927,14111,4366,46,91.21230612932162,3151,215211
928,43110,871,4,93.38045097221564,4873,247682
929,21389,7498,33,50.25993927125941,3664,218774
930,46427,1115,24,1.6430065839263939,4755,312041
931,19043,7411,36,11.868512413370043,1804,208607
932,33746,6510,41,57.72976806294045,3545,148343
933,27350,2753,10,3.353893527886736,4544,375849
934,46605,5442,36,40.294280474682836,2477,209270
935,5117,12830,20,31.033624611629246,3331,427014
936,23935,1364,41,71.72047926481827,2315,407539
937,18234,1768,45,6.502288621845593,985,240185
938,43328,7954,44,49.38439562875146,964,415944
939,5846,14166,11,58.33231271768493,3594,357904
940,15954,9476,12,62.11181652920915,3154,238912
941,18703,5071,18,41.11060952967715,885,173476
942,27700,12870,30,31.132410559525546,556,347420
943,37043,5729,44,68.56681033997772,444,111913
944,11469,2737,48,84.90933576214701,653,385752
945,35105,4554,37,69.668146140505,887,63348
946,47101,13587,20,93.27813418026494,1919,358822
947,31386,1435,25,72.00908901043479,804,195024
948,41976,12672,12,76.69725466734822,1052,164369
949,44051,6894,21,17.622416463606797,914,50318
950,7048,8391,25,42.534424808144465,1648,389498
951,44001,11030,11,49.02047776464055,243,338155
952,17941,14456,9,26.373023067166155,2877,330931
953,47533,825,25,53.325446175272496,3866,424430
954,6828,10226,35,29.788402477962904,3925,421304
955,6917,12172,32,69.06270718763719,1316,455732
956,25618,8274,49,47.55855919361441,1907,411176
957,37254,4361,14,46.42188847263453,4570,215127
958,44756,2485,1,98.38061057224836,4872,414449
959,25128,14752,17,39.85204000571447,2839,301366
960,5009,5432,25,36.86724782636726,1389,320896
961,21644,5103,8,32.541832756982785,655,247983
962,27422,3278,5,89.58017287660401,962,436489
963,14865,14907,5,50.17565878371964,2585,392650
964,7219,9962,41,60.40143327058291,2455,240922
965,44809,9332,35,18.901029421237105,1065,422526
966,10287,14666,19,54.553293640487766,2495,148328
967,39387,13395,23,28.19017109398034,575,198610
968,13512,8254,9,73.33305520502488,1438,324801
969,6342,14746,30,83.42030653044583,624,461059
970,48336,4578,16,71.76625852099647,2671,131119
971,24216,13353,33,73.29417246075548,661,333635
972,32534,1867,2,51.734995707832184,3802,153010
973,19231,4542,14,71.4996875770794,4764,227503
974,37293,14889,46,42.846006615307864,1305,178801
975,31614,14541,1,65.49742619943169,4133,244547
976,41258,3075,26,26.644881801930953,3947,354324
977,33253,7254,25,7.905944218889005,4301,330684
978,47078,12295,16,41.93385314807488,2338,252587
979,45752,2081,15,46.716037422268506,1260,57943
980,22988,2486,26,26.384308660680308,4895,170730
981,36037,2740,47,73.04324232231653,3925,321055
982,17219,4466,44,8.28149741865164,171,483470
983,5235,10797,16,23.052084113539667,854,280481
984,47929,8104,14,75.10790712690905,3952,375144
985,6908,8820,29,44.275303100261226,1004,119305
986,13567,6468,24,70.82307877989193,151,52479
987,41298,13493,47,57.18110190057603,2721,60112
988,10256,12688,15,95.12056224973888,3290,421719
989,24019,9543,19,60.181787439560466,4048,243684
990,13162,7993,8,2.4720284602064506,1387,282548
991,10415,4603,34,35.93485769992907,4880,96809
992,41159,2576,2,15.163007538266061,1872,310462
993,48925,5731,27,92.53873408217262,4002,82205
994,10951,3494,10,11.297232974222952,4020,253676
995,26852,4244,35,39.382959649977664,1049,449773
996,13007,14966,23,23.383820169042526,3238,217170
997,46832,14486,49,84.8254770492766,2516,482006
998,35523,11448,8,31.54808326130278,2379,160947
999,28325,6094,28,99.19745483112186,1525,346970
1000,26204,8031,23,4.823043955612838,1684,465290
1001,20524,7871,4,13.69940047379402,1146,176201
1002,24282,2144,14,23.239238866481802,2265,399835
1003,28930,13063,42,81.29949797981578,4123,166558
1004,5077,3644,29,87.97320369733757,1276,414069
1005,45345,14490,1,8.073686680332813,2260,288713
1006,25611,14583,4,4.213554034465364,1131,283367
1007,21984,742,32,74.71112885335336,3388,146320
1008,19060,4585,33,14.201848668607735,4626,344545
1009,22449,8454,49,14.166860120389279,1415,454781
1010,23520,7769,26,3.214286914948498,992,140236
1011,48303,7630,17,5.930979880758764,206,287879
1012,14510,7328,39,27.103870400953426,3180,114702
1013,34287,8862,23,7.435543451669824,844,493142
1014,33173,9344,32,37.51903007426828,721,261945
1015,44711,14720,15,83.44472809150756,4340,192184
1016,16954,6831,13,33.30570547483767,920,129297
1017,12804,4012,2,73.05558209535779,511,420471
1018,11565,13897,19,10.297086518271978,213,452101
1019,10984,1999,24,66.27814355452979,2546,444592
1020,26526,10791,45,32.357971142486065,3446,187011
1021,42438,2658,24,75.22553499100677,4319,223021
1022,23574,10664,11,14.488949391581805,185,183918
1023,14184,12617,22,89.89045439868372,4242,122353
1024,24096,5662,15,25.015143086895723,1672,57430
1025,7192,10950,10,35.96064153483647,2105,207400
1026,39016,4539,41,95.06789037098612,4179,192223
1027,16246,2535,27,58.269753613355036,903,208691
1028,23381,11963,9,37.211380377339175,3434,346628
1029,41455,8477,28,95.01061255632953,3449,174506
1030,31727,1357,1,33.578664272113166,1169,208736
1031,9018,4323,17,10.392200554842796,2769,187852
1032,16302,7270,31,99.68803989808256,4241,249939
1033,6970,9741,44,27.51664713533247,2871,78604
1034,46157,12682,10,85.27452702126114,4735,157385
1035,32202,798,37,17.38853868748564,4282,67762
1036,36110,7744,29,73.40404320596042,1508,431416
1037,22586,1423,18,52.92049005275295,3840,204837
1038,29519,4732,47,98.10974927072283,364,244798
1039,36273,13831,38,55.73020525314755,3948,218115
1040,26951,4806,39,3.4765000371945582,3193,268530
1041,20374,3299,49,60.7839209727847,4898,401374
1042,10788,14362,6,15.386329177325978,1573,191628
1043,10408,7078,40,80.05555061292662,4381,391235
1044,30053,5375,12,85.8002514525,425,164919
1045,14446,5826,14,48.727258360676714,1306,180731
1046,5922,12754,44,78.53892424817757,4592,60004
1047,38187,7082,10,15.365962812678909,1604,240028
1048,15789,12737,20,49.71574046702896,3634,415870
1049,37184,2302,15,40.00048220436788,1540,201882
1050,6120,11405,31,61.52042131825505,1055,257796
1051,49028,13853,7,5.4032416915128385,654,50247
1052,37154,13198,41,75.46016098661411,3354,463978
1053,22334,11545,10,8.833799657993683,4239,424046
1054,7336,3157,10,65.99068023548632,4677,95995
1055,43141,13214,48,2.827265328454478,2136,371567
1056,7243,3846,39,83.35691831191622,1386,260419
1057,24029,10163,28,18.29526339215435,1297,250349
1058,37265,3449,30,52.03425012172206,4761,111969
1059,42380,1441,37,26.887797469034314,2367,341196
1060,48872,2407,3,72.54207300404578,3729,361358
1061,28710,5337,43,32.8137589187824,3565,299983
1062,34486,14180,15,72.73631016524341,871,215391
1063,11371,8605,21,29.202249476712176,2556,249613
1064,11359,1743,37,75.49483600264024,570,118858
1065,45631,6196,12,4.029944137353519,1470,90765
1066,40996,14043,4,29.047822202010998,3232,468086
1067,25103,13115,47,50.36471713758761,771,193538
1068,19382,1966,9,5.460898610052823,1274,357428
1069,23755,14887,39,19.417372075756585,210,362178
1070,40659,4457,42,93.51916118247912,3659,345305
1071,8756,2466,28,97.70659225283873,1126,241883
1072,25609,875,23,74.23524479165808,3654,283543
1073,21478,762,45,25.967805011074372,3333,103565
1074,40442,4862,40,26.79122709816093,4539,373458
1075,44666,7002,44,64.93324542171221,1572,431522
1076,15147,12080,22,12.642362043271476,2479,234698
1077,38561,12087,24,94.8826286626063,4972,250839
1078,39884,10636,26,23.256477051508273,3071,364073
1079,10779,8333,30,99.96392691711894,2481,274876
1080,17298,2393,33,50.07764573494358,3390,58086
1081,19153,14689,16,77.3715689103007,4853,411353
1082,48879,8606,22,1.216225356050166,1933,483995
1083,15789,12326,49,88.98589407041254,553,204534
1084,49165,2152,43,27.730202433277462,840,228841
1085,17999,6040,18,67.12573771025846,2480,168409
1086,5814,12833,7,80.82917279856538,2457,236950
1087,15541,4392,26,17.250626315341204,1543,198028
1088,29938,1099,8,44.80843865159367,3780,394707
1089,7443,5315,6,49.889758124540414,1848,425356
1090,15457,2412,30,31.89982706858125,2501,303831
1091,15380,9984,39,48.693827143169166,3271,155317
1092,12783,9292,23,32.43702010787847,4340,288860
1093,49241,9072,32,36.714026760465714,2106,487771
1094,22368,4713,22,67.26378669157116,1886,95602
1095,20328,4137,42,63.62673356219471,1509,186677
1096,31215,10855,43,23.994306853955,1862,388357
1097,38595,13047,45,89.85080559474703,1009,198010
1098,32306,9790,9,86.41606602146767,860,162355
1099,24915,6099,31,51.39924736230521,3340,364689
1100,44915,6948,7,43.891823526879286,2789,224606
1101,42219,14842,9,38.30874231542678,630,420864
1102,20343,9057,13,71.01952394797748,1459,65009
1103,43727,14445,3,67.49493966373758,3918,342390
1104,5126,11262,35,20.42188008685989,2127,78185
1105,32632,12111,33,67.47434509873577,2660,437012
1106,46563,14249,21,25.990688216101955,2277,272127
1107,49409,14812,31,2.837275315829031,1637,398632
1108,25530,7882,34,70.22165907620032,1373,96642
1109,44964,11168,32,64.83456664361421,2881,59185
1110,49327,9482,35,41.670116975059805,1046,114366
1111,8368,4069,15,53.04291953603111,1398,463059
1112,8797,8207,32,94.76974997887021,2611,329649
1113,18718,1246,6,59.92481790963833,2288,340166
1114,39560,9004,45,66.1305095983166,981,235333
1115,16053,5133,21,7.327220773964968,1947,197511
1116,27116,1420,33,17.433451606837398,2075,392340
1117,41244,9769,32,30.79427536474723,4368,124385
1118,41185,14278,19,54.398552484786165,4668,276236
1119,6645,7508,33,77.8824987023488,3064,271443
1120,24256,11521,28,32.80284690107011,3163,120272
1121,40840,2881,31,36.28186061739862,3228,216449
1122,39622,4118,21,26.358937632201137,597,53909
1123,42430,9489,34,26.206323600235283,2316,195939
1124,44282,4943,15,94.93752074358486,1088,245757
1125,7708,772,14,63.910260782270115,2708,444010
1126,16694,11702,19,16.434223110454738,2575,395625
1127,14524,13507,43,72.50260923034173,4614,108527
1128,36880,2273,15,72.48009319264287,1470,196441
1129,44224,3047,6,66.9805494093168,3688,290209
1130,41980,3664,9,14.337324063975696,2602,335951
1131,37409,5280,37,41.3911568634891,4909,60856
1132,18224,14914,20,11.5688767189469,278,187867
1133,45738,13409,34,81.8454299051215,2029,275993
1134,30150,14827,38,65.862042174614,2648,212135
1135,39393,1446,26,51.21318974001402,4934,242023
1136,48082,11357,18,34.958532173559064,211,481476
1137,12973,1006,28,19.240697974948908,3319,453365
1138,13577,14370,9,11.538311294477682,814,404349
1139,13070,7219,32,96.95482014615305,1501,207400
1140,13666,8935,6,20.765215553646282,3024,415447
1141,41368,9197,14,6.92758804541718,1481,301958
1142,11783,13209,28,96.20501044606715,3227,284573
1143,46914,11850,24,55.346222394424885,3111,119098
1144,9971,6860,13,79.86901676412315,1308,166382
1145,18490,8157,43,5.332818872633537,3225,476839
1146,6990,4090,12,57.12763989048581,136,485471
1147,10299,10564,19,40.42278644768152,1928,431587
1148,24956,12485,21,77.42447900063847,3160,479605
1149,27359,1692,27,4.8041389182668,3441,447422
1150,42148,13117,19,40.76736628759982,4041,244637
1151,33734,13437,24,80.10826852913341,909,415044
1152,9757,1964,26,52.74702919919863,3172,441755
1153,24097,890,45,55.45383535886179,4218,333041
1154,15395,6115,28,10.619303514630586,1626,185442
1155,21241,13168,46,14.100725055889045,3619,205117
1156,43356,12069,18,68.0229609312128,4991,137236
1157,32696,13529,44,67.82961560670206,595,413895
1158,9944,6606,36,97.93123603097506,524,434062
1159,24816,13607,42,71.4833458184895,2847,495800
1160,42011,9364,29,49.83110609741128,2165,98671
1161,29917,3060,17,85.87545452982174,2082,458542
1162,36195,6367,4,11.342825595777686,1568,415677
1163,26566,1711,44,45.480286268729195,3900,248849
1164,14916,9621,45,29.423801981829406,1333,211711
1165,25806,2039,29,11.359142885834933,1897,110874
1166,14984,9604,4,76.58670638731627,664,482982
1167,6759,1143,10,51.56841101938951,3119,202350
1168,46949,13214,25,56.120103269851576,1404,420603
1169,31838,9193,31,41.71426360312257,232,249623
1170,7482,9421,3,46.57338592867079,548,220655
1171,29442,1783,47,12.48572132517731,1930,405823
1172,38719,8180,2,67.61886460441067,2258,438894
1173,32965,10810,25,43.81228860091616,3726,120400
1174,7079,7845,49,81.85998973982875,949,59676
1175,7717,13244,6,20.432432814164535,4062,316378
1176,32952,4886,26,21.300454248464742,1580,464556
1177,25908,12528,8,64.9301975815381,1000,162451
1178,47460,1419,35,84.75433891634229,4954,396403
1179,29861,12742,27,47.74758602319936,1639,189598
1180,12311,2839,25,72.9684330045769,1999,346770
1181,33071,14757,18,99.93366222781547,3044,51207
1182,28570,9447,1,99.03629833316388,3344,441474
1183,23449,14446,48,74.68934743934831,614,132844
1184,38536,6430,39,74.21906247814663,1691,102097
1185,43258,5902,3,25.514269832691664,183,170069
1186,33865,6163,4,83.5204235228336,3842,448645
1187,11645,10561,41,41.10511057766494,4993,365735
1188,43000,13164,37,96.23739707681544,2227,450807
1189,31737,5775,15,9.061341181986615,1701,161248
1190,16485,1007,8,44.14819651839988,4717,481876
1191,43565,1936,38,56.02820828066636,1322,127313
1192,30522,11267,19,41.110464501530316,4429,416393
1193,17342,12118,47,21.84733985998939,1942,90459
1194,45806,9250,26,59.70586038946848,2391,414475
1195,18087,7854,39,75.83587354788862,1689,291832
1196,42641,11794,10,64.83902100599946,2996,243171
1197,39249,5016,38,24.21043603199591,4588,152599
1198,15093,14340,14,73.42918649248386,108,278663
1199,21438,4122,49,26.43288279841176,4808,128405
1200,45411,4899,41,18.34503392947996,814,139399
1201,31399,5537,19,69.37613352843348,2027,447877
1202,24846,12749,30,84.43593736527897,209,356946
1203,20708,8611,5,48.672405321960866,365,330926
1204,49039,4215,31,53.60778752070534,3323,492395
1205,15998,8337,7,30.972009476652016,1054,422590
1206,35678,1801,19,49.96718349589319,1449,182970
1207,15682,7870,31,14.066316803228313,1674,221140
1208,13519,5685,39,95.62725213861602,2323,117963
1209,36480,2655,24,80.23570471200303,3931,388447
1210,24694,6911,34,67.12933302139629,3355,133956
1211,8300,6865,23,54.2812427967559,1158,239726
1212,11722,14615,48,79.42474448656849,2057,86123
1213,44986,14341,45,49.98096671899463,3247,368342
1214,29160,1192,40,30.697416907298717,2619,293429
1215,25059,13042,6,16.877049281500533,3753,365016
1216,40822,1978,38,65.11097329137893,2670,54902
1217,18575,6896,41,93.01314875762489,3027,207922
1218,12970,8948,36,16.208236796930763,3987,98554
1219,39911,11122,27,18.82178646002987,987,224106
1220,26591,941,11,43.92699730754397,844,245915
1221,36821,10573,5,80.88303544404921,3614,189352
1222,14503,3146,17,30.098350168178957,3030,392634
1223,23922,5709,7,26.137379542332784,2779,291372
1224,17175,12512,27,62.37666285482055,275,227886
1225,46124,7033,47,54.02586340555885,665,107465
1226,26389,5177,15,6.96181608007839,3317,490189
1227,5822,7711,46,9.067507753618377,4457,218801
1228,22327,10427,13,64.65828503829185,4726,82800
1229,11150,12427,11,47.04723631563018,1494,284074
1230,9425,3145,45,97.12674196732554,1320,255495
1231,21032,8710,26,68.17460966227641,1047,147143
1232,7198,9816,22,1.9972925373299137,684,168529
1233,25079,12677,28,48.62085920024572,2962,278749
1234,41220,11346,24,42.03034556851247,1720,288092
1235,46874,8433,29,11.564672139383102,3455,128871
1236,18859,5976,9,92.39767475134681,2449,383857
1237,36419,14353,42,80.69611860909065,3291,353350
1238,13705,8428,4,23.778504933580184,3307,316070
1239,47880,2580,49,26.342095125456723,2676,163682
1240,28236,6589,46,4.169787278625645,631,93056
1241,27419,7896,18,30.375027706325053,1331,118495
1242,24978,10239,43,58.87757888242201,2093,134147
1243,42609,8297,16,42.66349545028015,1797,215233
1244,20358,1361,33,96.9562909082484,3470,199479
1245,39177,8846,29,6.551936757103417,1645,252672
1246,34378,3994,39,59.55158573100205,3265,106714
1247,42334,1404,10,85.97263461019776,1537,179613
1248,16382,1769,9,48.593350328562536,470,187711
1249,19596,904,31,1.2933093354792846,4604,314622
1250,38572,9535,28,25.037348482801242,716,303134
1251,18221,10474,3,33.05312859112865,4266,114546
1252,6279,10256,14,96.63345496118878,4114,278934
1253,12083,1684,25,91.26555490203124,4279,243948
1254,48861,9438,15,94.9678800056554,2356,431291
1255,22771,2225,2,82.75008730407987,4454,400517
1256,34975,11880,24,35.81312567727653,3410,485157
1257,24063,8962,14,90.68176578752386,1031,79974
1258,7106,13557,48,98.18676608776784,2429,94183
1259,29557,6311,7,35.65705991522034,493,451634
1260,25607,6106,36,26.795040632658445,2565,150361
1261,42599,4456,24,55.14471298543991,3377,369292
1262,33529,671,27,19.52806706729407,2029,424151
1263,40954,8965,37,4.2297979192316415,725,424383
1264,32856,2806,38,94.6372859404711,4757,158747
1265,7573,9850,30,92.64832261170051,2979,474924
1266,17808,10398,27,17.102731522449982,3266,151245
1267,40367,10463,39,41.36628444604222,3522,213996
1268,41801,921,15,83.27259501399587,2209,335526
1269,46196,6040,26,66.43902958326444,1265,76649
1270,39072,9901,1,40.083963407900676,2881,277748
1271,28752,5175,4,74.67292872109908,1991,422703
1272,22685,9582,29,89.8076914328089,3282,148099
1273,46401,13509,1,92.68967472206094,1739,80373
1274,16372,11959,43,38.50611158029671,881,263752
1275,13996,13668,46,18.18250732720907,4792,255573
1276,21458,13909,22,91.37104696120353,2156,72791
1277,36889,7248,11,10.162989140241798,2423,239968
1278,31665,6603,10,72.4471507315882,2374,73115
1279,43243,14857,17,14.909234171219362,2333,198413
1280,36653,1973,36,39.54929861210152,2738,425253
1281,31657,3743,47,41.74401890795771,3387,459853
1282,44952,13170,26,16.717033596096254,2580,467485
1283,27180,2681,48,92.34546196665458,2716,133489
1284,36896,10141,21,1.26414863291934,455,336021
1285,17875,3596,13,89.48704577844643,4587,352417
1286,6622,7146,9,88.49910302407307,4774,106035
1287,45809,11948,11,32.37940171610216,3446,193477
1288,21725,11848,11,70.72414271804827,3622,274420
1289,45760,10282,6,26.028082218533235,2567,161141
1290,20646,6382,1,76.1185826631399,263,300766
1291,22029,12931,6,56.5508544369866,3734,243381
1292,34402,6482,13,30.722319970518175,4833,91767
1293,9263,12673,22,40.6232406101278,3763,170456
1294,35987,6298,31,69.29898449160194,3354,453189
1295,13646,10127,22,90.70364751473451,3481,108565
1296,32529,8915,37,13.941925140160189,2164,139461
1297,16664,8911,47,57.565032997246554,4365,440721
1298,40737,12966,27,26.11919074625463,4084,160159
1299,40796,10346,14,80.33585273767046,3987,335235
1300,29027,13220,47,7.953493281078626,439,331728
1301,34373,8956,5,69.20662322694581,4921,417005
1302,41397,9645,36,18.31965535541195,3881,434379
1303,25609,5024,32,60.04215642191969,3690,251696
1304,40835,12425,34,83.7335661320765,2033,426832
1305,43709,7059,7,75.75298555004628,1745,66550
1306,24250,8120,42,75.54134588068008,4328,445279
1307,26172,3274,48,52.26668590650362,2787,142816
1308,16555,6173,10,89.18381359312241,2226,323775
1309,26874,3624,17,59.222414625957796,4541,313269
1310,18081,9171,30,91.83427888640749,4804,478625
1311,29063,12206,21,55.10572332540934,738,100581
1312,11819,1853,13,51.09059073898029,1324,334629
1313,30712,12014,1,23.012948901821133,3805,420683
1314,29762,12570,1,54.933878748990296,4010,259402
1315,16046,9581,47,14.917898293640802,4345,133554
1316,36463,4354,33,87.099329924695,1649,124398
1317,33769,8634,38,67.91329698212105,4245,182762
1318,28150,1424,25,99.36990940080125,1605,327884
1319,7711,2670,26,10.117645351261787,4530,294470
1320,9853,10594,13,24.8266022346834,1475,229715
1321,34077,6006,28,87.83870182234779,767,138560
1322,28863,14150,33,40.13015587712285,2474,135877
1323,26792,13565,37,47.16399600820786,4190,321300
1324,45483,2895,41,86.20453685137407,1115,427112
1325,13942,8720,30,52.66049927004527,435,480430
1326,6762,8726,49,20.154109092022445,4861,146589
1327,36987,12281,48,89.31098142556831,180,375533
1328,20850,6015,8,4.0751039858803155,2234,446024
1329,17112,3170,49,89.64423049670089,1899,383082
1330,29058,3865,47,6.001502440561135,357,379644
1331,43890,1088,1,66.91908709541268,284,372878
1332,5481,11910,12,8.09625858785813,222,198278
1333,37921,3638,5,70.91508561054148,4800,452845
1334,45385,9595,24,4.363160811962138,3614,344481
1335,6524,7163,6,84.40331504336797,1494,281437
1336,39888,4586,25,47.12845114206849,2452,137095
1337,20048,10861,1,10.251937354218915,3319,311522
1338,40111,9031,25,70.97512505600425,1408,375973
1339,42904,4770,1,49.439725592872485,4044,250473
1340,39008,6519,32,19.903937028668846,2041,381974
1341,5060,10406,42,2.551565014983852,590,96939
1342,14130,13384,42,42.381827712828176,1154,325109
1343,23023,13238,3,9.477293842125022,801,324372
1344,18350,1056,49,10.322800126476483,3034,98419
1345,29354,13947,19,27.46562528790501,4795,409057
1346,33145,8522,43,63.415371427000004,1234,305416
1347,39020,11779,29,53.46115024753397,179,99229
1348,25587,5952,2,7.82974351760938,935,281535
1349,46131,11958,9,96.8746963133545,751,193894
1350,14650,4067,17,88.82970014116451,516,80070
1351,24933,10748,46,26.663323227370668,3780,249795
1352,25581,4399,36,13.111519020251984,3966,174045
1353,28393,6977,17,94.29788361094202,845,319279
1354,28051,8000,49,46.65303601018929,2102,260116
1355,31212,1516,12,31.805529512372143,339,411237
1356,9090,6970,20,49.54544548135355,2993,411770
1357,11960,2562,3,77.50167031009481,2044,292763
1358,40772,9530,43,17.670144532002393,955,351585
1359,26520,10329,4,76.9820875174214,3615,310195
1360,41408,4821,17,75.19523200545268,2746,428334
1361,33470,3996,37,54.395472279247095,3294,220956
1362,25491,2313,46,86.71838658620858,4615,272675
1363,6341,12171,42,14.082194438816193,4904,199115
1364,49623,6756,15,59.95242165990164,2698,146108
1365,29791,14808,33,45.48496219768034,1453,125043
1366,5338,10143,16,42.806919170747335,2135,53062
1367,10895,14836,11,26.003546055683017,2980,140236
1368,17254,2813,20,37.8556860241809,779,102214
1369,16344,10206,38,11.70692484634291,586,103409
1370,6750,1731,24,25.908298006717697,3720,191940
1371,7421,10337,16,27.924545670030177,3750,118089
1372,44887,6331,30,72.34611887855381,4818,144047
1373,10319,3499,34,5.806492293677453,1538,67428
1374,20896,3940,1,65.46803850693522,4414,420427
1375,16918,4556,24,22.919581069525798,1584,252565
1376,30064,805,24,9.104289085713098,790,219461
1377,32935,14847,9,30.779809947457977,1112,84734
1378,42641,12228,22,23.222814073431675,4642,257156
1379,34711,10415,12,55.65120520814515,2447,377251
1380,9806,2189,17,36.380263941348275,3808,399033
1381,46360,10209,25,96.63338049842429,4570,162168
1382,17182,14179,28,96.3914103396942,2022,134170
1383,27297,4417,15,44.92781164290371,737,454895
1384,24541,7580,30,79.7136586053657,3108,490959
1385,33921,9111,27,2.313585545226628,2333,467933
1386,21774,3436,22,55.23334688775546,2225,293543
1387,49813,4362,10,74.58661805839093,3557,206651
1388,42198,12921,31,22.477379315326253,4389,245174
1389,13820,14818,27,7.056003761428432,3274,84782
1390,29070,10142,12,16.435974654739134,3788,120160
1391,9232,11788,46,44.74296063021185,1499,168296
1392,16122,6149,31,51.130770654869934,2434,466319
1393,20023,3761,32,38.70762708876808,1605,103077
1394,13007,9856,32,44.55740293719562,349,340678
1395,22905,10561,41,47.55326100131885,635,350780
1396,46786,2319,45,77.17422949850852,3632,294002
1397,34398,11397,35,11.418947909687587,3649,411252
1398,39268,12207,46,77.1260962487802,557,362630
1399,11737,1842,21,69.17410292720481,2838,144096
1400,41062,6060,10,74.42442013815548,3469,83435
1401,30510,2726,16,73.71237020165695,4235,83152
1402,24426,1579,7,47.588589764376586,3796,159620
1403,42265,13966,4,21.928618271529103,3511,371096
1404,22850,14483,27,54.1262615258786,4169,331782
1405,5614,4706,25,95.84022330730086,3487,282816
1406,26776,6780,31,59.264042457943006,3285,429580
1407,29077,13255,11,2.0936673760649835,3338,66396
1408,14374,11471,48,6.911379582762673,360,221566
1409,40435,11220,20,99.29347992675169,1347,207855
1410,35907,7735,36,8.122689564704597,3433,186475
1411,18409,1313,17,5.558470844444957,3422,73838
1412,21514,14060,45,35.949402666506884,2673,351063
1413,34866,5589,11,96.96240312366433,225,390039
1414,7983,2531,30,32.5488402195537,1329,360139
1415,36705,9014,35,41.578528956651795,3311,306097
1416,25662,11661,41,63.77362905964799,3233,465830
1417,28510,9595,38,3.3870720933133844,1406,125593
1418,17651,10233,22,89.87859417439961,2201,181172
1419,45998,14787,43,52.424858737888776,235,406335
1420,33535,6411,48,47.21427969440174,2477,242792
1421,11640,12195,27,86.21193955845641,1559,120514
1422,49547,3153,37,95.3545823464441,4331,323132
1423,20317,11168,46,42.91909793303664,912,261139
1424,12564,3840,49,18.071666850029843,951,285910
1425,32345,8376,35,81.75521773020522,1844,431536
1426,33687,12935,4,40.92278170102623,2038,165137
1427,18737,1641,16,93.61900841166485,970,389373
1428,14323,9541,16,95.03999939926732,734,151471
1429,20229,9058,21,12.36807414041558,768,350292
1430,49481,3397,26,95.69884276595228,1393,457039
1431,13502,9781,36,37.458762219066976,3188,336840
1432,5545,4541,19,64.97899924806185,368,61629
1433,42114,2538,17,4.440258091670557,960,184928
1434,34430,11552,45,88.99954313429943,581,81051
1435,14996,4770,26,64.51813560514162,3390,295131
1436,32788,10546,22,64.7118922286855,3490,267405
1437,34969,5183,28,90.3154398377709,1361,345613
1438,18919,994,1,51.32637031582697,2432,254793
1439,8810,7616,44,41.6411473958925,202,122372
1440,35586,13925,36,86.74674647693931,3894,489288
1441,44974,11874,43,74.49963067526842,4987,93406
1442,46773,2284,37,94.94859083152521,4434,399898
1443,21371,4010,2,94.07206743774273,2792,85017
1444,34629,4286,17,38.850290291463786,3771,322849
1445,13436,5766,40,45.25164272400037,981,200678
1446,17984,12822,38,26.342510425287067,2335,399055
1447,38039,9690,21,66.4041410247182,3134,288750
1448,24895,5928,9,37.08965503879977,4989,142469
1449,23155,7181,13,78.82396401415944,2677,123654
1450,15616,7393,11,13.033525312360142,775,478535
1451,42129,13825,16,12.523882265408844,2539,404329
1452,44837,13161,16,21.241082760520293,1781,95318
1453,29574,10143,2,9.344926655303935,1376,304423
1454,8430,10443,42,62.38312916014524,4867,183286
1455,17676,10972,44,15.587923835657126,3347,310895
1456,15816,13492,8,16.83632882929777,3748,307177
1457,37733,5158,43,2.408594149187433,1412,124070
1458,25144,7582,42,78.42691144773737,1173,362013
1459,7050,11626,13,81.41730948692462,4199,478444
1460,49460,7369,17,17.040219220079532,1754,225768
1461,38933,12426,39,74.21291899245523,3847,315399
1462,29951,8107,24,43.9209671925786,4188,432622
1463,37413,8169,3,24.719893413573743,1993,77841
1464,39801,12038,30,62.51707619930906,1385,311121
1465,37913,10565,13,18.669923360361395,634,55334
1466,45600,6719,19,75.9314771576505,3547,258889
1467,30280,5034,7,5.713907529484619,1479,417278
1468,29557,12495,9,95.95396235986352,745,90522
1469,40400,6479,19,8.115650117153823,123,220780
1470,9494,10671,45,58.36539350562028,4752,80697
1471,20152,9390,40,90.31723472211547,4551,453938
1472,28895,1812,22,2.1785424159371845,4770,414080
1473,14155,3462,18,50.35293163791665,4224,173935
1474,36883,14351,23,35.65068946675731,464,66029
1475,48194,3438,2,58.45288683553299,2755,377694
1476,48001,13479,11,23.320281287028212,508,290957
1477,6828,10992,31,7.425022505940751,1414,293533
1478,46898,3697,33,62.96737064802198,318,451424
1479,37123,5796,14,42.26807470984684,4803,387651
1480,42573,7704,16,62.62606833191674,1639,287648
1481,5806,6230,11,21.84337553694645,3533,138719
1482,45970,14421,33,34.5353850323947,1702,138499
1483,34757,626,7,56.60645754709642,2804,151383
1484,39636,6102,31,59.718165054148,3748,189199
1485,19561,1691,48,37.85916596965225,1205,490998
1486,29262,3139,46,28.725267356039087,3511,327790
1487,19899,13081,47,28.09636231937099,2588,264816
1488,20934,12608,14,18.295235790668944,716,334857
1489,43197,1866,28,33.21509127062913,4421,344411
1490,46844,9711,43,20.744593364308773,2518,316008
1491,41332,6953,16,63.747725216764536,127,126197
1492,39157,7171,19,57.33763282596687,3155,475775
1493,16593,7183,17,38.876293543421085,115,167201
1494,45042,12771,26,33.25717197380205,3448,256930
1495,22320,13206,6,24.523805819269608,432,122246
1496,32376,5039,43,54.01037258697478,4678,474578
1497,48513,9376,49,91.97137367022314,4761,344524
1498,19199,12321,9,68.88460208750477,2261,91284
1499,20876,3387,17,74.69705668952116,2185,430322
1500,13245,10154,31,83.60340850198436,4649,260994
1501,12214,4586,12,35.81186236044703,4053,173556
1502,5726,2761,23,7.224702429334275,2889,105277
1503,16362,4680,5,62.633321528842785,4361,65316
1504,23297,3341,43,19.678556831575232,2352,467679
1505,35448,10459,36,57.33532134957096,344,256811
1506,31172,12872,36,74.21151308254942,1994,448104
1507,47874,6540,3,78.58019191263583,1456,274800
1508,12657,4060,24,30.88207290450403,1042,61325
1509,23850,10804,17,51.7308900243622,3567,200160
1510,30425,14457,39,62.47554453144204,3292,387066
1511,31685,5258,26,82.12859144836158,1845,163949
1512,29578,1126,4,76.37747784538979,4605,443000
1513,33831,12851,45,98.80955677675966,2457,416708
1514,12906,12106,12,1.8003829764710773,3979,126803
1515,12287,5514,1,44.31145464545017,3877,327563
1516,38660,1875,21,26.348404151236657,2215,272088
1517,15222,1681,19,12.869445327342467,2367,234821
1518,42443,6208,21,91.24001748855127,2367,357998
1519,39701,990,18,99.79824454347295,1596,446120
1520,22764,4229,43,18.87902458256764,2896,159796
1521,49641,6474,3,4.804905887334996,4581,149427
1522,22674,4034,49,28.230390320369537,1029,392679
1523,23024,3796,44,83.65132988857317,3424,138855
1524,28874,2440,32,30.095118236732358,4600,201772
1525,48642,13100,10,6.633246569264534,4687,339777
1526,37284,5514,40,6.196726211349961,456,166958
1527,22602,2382,15,43.31485743457421,4410,265716
1528,42784,5408,5,93.25074658310035,4164,287497
1529,28265,3487,4,29.306123722323562,3941,336199
1530,30931,6085,28,43.28861038940333,4030,461858
1531,33841,3659,4,11.091446732878246,4947,234086
1532,34192,14114,15,49.86370653362913,926,446862
1533,47520,13467,17,69.9581593642847,765,194245
1534,20585,5030,44,27.84388575654474,2128,57025
1535,30559,1181,3,30.37441954433979,3791,324693
1536,45059,5754,10,84.35552751522086,2682,64853
1537,38742,1573,47,2.0260085123705314,653,231495
1538,9133,14243,42,64.01060014645961,427,373300
1539,19663,2887,23,39.99457885922008,1288,276560
1540,26754,11086,18,30.53967084258543,249,454542
1541,8972,3193,1,66.10178939214384,4852,446679
1542,10295,10062,35,83.63218365718082,2953,339307
1543,46873,13436,31,56.2808195165387,2036,410280
1544,34125,4840,44,4.078367572362545,4488,173296
1545,45996,2656,1,46.67871789173203,2836,64075
1546,14903,8466,3,46.813234148503334,1056,406389
1547,8020,3080,3,54.83605098565618,3348,355459
1548,46755,7757,37,67.42493120331167,515,153245
1549,25420,13083,19,2.912521949899704,3554,66010
1550,26452,2659,29,50.6992498155753,2745,247505
1551,43001,14400,25,59.24246916867848,3874,418692
1552,14516,11940,33,34.99198525518914,184,312749
1553,7396,12423,36,67.16815743245287,2035,217517
1554,23546,14936,29,23.58959399578794,1516,349459
1555,24129,12521,26,32.41986097367771,1170,320796
1556,6591,7272,4,96.31277939500828,3512,475445
1557,16303,2127,49,35.45896671525287,1621,473746
1558,35561,12164,14,35.30358784920876,1601,492317
1559,11183,8719,27,59.97238294648841,4191,432323
1560,31572,7580,33,97.12655765614596,2573,267022
1561,39080,2485,22,98.32496414934704,835,405583
1562,25695,14348,48,58.38613840395529,2938,130266
1563,12314,12845,3,1.1076149606883208,2662,481140
1564,24623,10213,23,90.16499852607157,4006,88541
1565,7139,8988,21,57.453558493127765,1372,376802
1566,36290,2681,41,37.23364442070365,4936,106327
1567,23088,12094,23,83.09031896057789,1962,143434
1568,44692,2796,4,40.5834134756703,4326,93654
1569,38130,7664,21,4.370406113826203,1863,65930
1570,37088,3097,37,82.28615008264485,4518,442826
1571,31292,1401,43,55.040080700956466,922,184590
1572,25670,6560,31,34.476210284195425,642,212054
1573,8738,9790,21,25.838345259031268,2865,56775
1574,7469,2177,26,59.78594848212713,2178,467206
1575,27534,3381,41,21.596905274284914,984,55378
1576,14017,13979,35,33.06123776914332,4386,358546
1577,7808,13558,38,64.01650063198437,3749,482657
1578,17713,6122,24,88.27290059018726,4610,129712
1579,45329,8552,11,53.75614251076828,3671,337204
1580,7719,1878,41,76.15153343161016,4033,177067
1581,27890,1748,29,76.54299977254114,3766,283103
1582,16700,12427,47,66.7710413132793,1821,440478
1583,41509,6150,3,25.337995430371247,474,430828
1584,47534,12933,1,86.81207121687395,657,228065
1585,41766,6579,19,44.19128990831708,1380,143104
1586,31705,9956,46,5.376863649634356,3523,334909
1587,23787,10599,49,25.21665433688299,1228,240125
1588,31588,7536,22,76.78928705583226,1460,466412
1589,31123,6987,14,7.8442002459314475,3697,428821
1590,38062,14560,49,15.589075813336208,1200,196540
1591,15177,1558,14,69.72845478812874,1634,144385
1592,26727,11441,44,89.3674781830265,2725,414793
1593,35220,2548,16,63.739468500706046,4227,320318
1594,14882,6615,33,23.006814329125906,1731,95820
1595,6136,4748,13,6.287962561705312,157,176518
1596,39832,2976,38,61.89753167248086,1227,200170
1597,36966,12708,49,5.692459215185234,411,384726
1598,12009,5103,12,61.659483142233945,3817,185258
1599,17987,11889,38,23.33241447194841,2101,66722
1600,42311,13278,39,90.56095017847414,2837,420301
1601,36575,4053,33,48.034174180248826,3977,121504
1602,6007,13132,33,23.16990489765987,2382,160760
1603,10445,14723,29,85.46138633930057,3283,90452
1604,15706,10453,5,26.149504446303325,1531,340414
1605,49486,720,6,31.353308575962675,3225,229383
1606,34257,14726,31,83.59351200649012,4997,353273
1607,26736,14730,16,31.570410950259,4434,285881
1608,47207,5318,31,41.606213153833096,1875,56387
1609,18281,7692,25,35.41890140512779,1418,74394
1610,6435,5123,48,12.52363146520721,4307,439257
1611,38339,7849,46,4.850685412435788,3259,388971
1612,40150,6118,33,72.72952673203716,1428,423254
1613,30821,11580,13,64.86857526963635,4485,473309
1614,31660,10356,10,28.95424068765366,4074,302236
1615,10084,7709,24,30.264313373502972,4777,237708
1616,21661,12678,10,94.55557251785945,4565,85241
1617,18507,5076,41,98.77944159611572,319,497623
1618,12059,11669,31,47.87005542013566,3402,78337
1619,23271,2371,13,80.44272280266787,2966,413136
1620,12491,8415,3,73.93190171106717,1996,54804
1621,19859,1962,34,30.434453241692648,4544,477274
1622,13073,6021,49,6.797708341527356,2402,107450
1623,14077,9036,28,15.113069456359062,4647,494975
1624,25953,8736,19,83.99111758307558,4284,109529
1625,16383,8313,23,73.39016817963183,3826,172766
1626,7353,2568,45,66.7691496017655,2142,343478
1627,28821,6253,32,13.934234337968183,622,113452
1628,42567,7737,13,64.35313805760194,2807,297448
1629,29860,14675,33,77.44308081781843,3098,449727
1630,26195,7516,34,86.19957323616877,4021,222037
1631,16939,6691,33,2.3098966401682035,1009,419162
1632,30338,2014,5,68.76303508596929,4637,89440
1633,26730,3098,3,2.8906679047172377,4233,375262
1634,26427,1501,7,70.98041170880042,1980,135263
1635,40196,1533,24,63.92651510846848,3379,176775
1636,32083,10732,22,15.686438428978278,4405,99217
1637,26510,7399,45,76.8460533831679,2660,474355
1638,49064,8965,23,7.766414200779424,3172,266402
1639,12813,5551,30,82.81347860071871,3926,118517
1640,36598,11339,18,26.93099523997467,4576,193857
1641,32570,10471,32,69.19633436776583,2975,104740
1642,32082,4976,7,92.44524476116516,3006,151119
1643,34241,14140,33,34.642875442671446,4589,251704
1644,35678,978,5,50.786513716101496,4591,63950
1645,49569,14850,49,46.84868536109459,644,232241
1646,16745,1015,28,16.603523557223944,3197,122209
1647,31029,12978,8,59.440889038585404,3725,117278
1648,18025,1691,15,74.55718993357385,3605,88488
1649,41124,11360,4,91.7706080634581,1184,348421
1650,19288,13948,34,85.22945756330176,652,226113
1651,28650,6797,5,51.491918593075134,1253,302146
1652,11540,10103,33,72.18269829668155,4038,315678
1653,37232,11972,5,80.27755792401538,2345,130221
1654,21422,771,38,49.85538266009653,1786,251744
1655,8342,8834,34,12.427328509722507,793,121121
1656,46846,8278,26,44.355145620889715,3890,386234
1657,40612,6508,1,84.40532578195491,597,159777
1658,15396,8487,4,60.067499133979766,2195,499526
1659,22482,13880,39,72.72137932392457,712,51634
1660,28411,3832,26,19.341534193106167,4067,329052
1661,18261,1287,33,96.46943905288957,475,464526
1662,8093,6722,33,41.00397241983763,905,392797
1663,16722,10373,8,65.70991674905517,1020,379402
1664,27042,1122,20,2.868353204469921,3704,255219
1665,49413,4341,16,13.604606963273842,1543,499297
1666,33087,4176,21,78.42139271860698,1645,242644
1667,37347,3072,45,96.82897510650521,1310,301917
1668,38756,7415,26,32.68548015049234,2180,381544
1669,44214,5533,23,4.680892759185219,4787,247675
1670,21335,8288,18,36.72579359603362,2248,272584
1671,33602,11952,31,2.7293448976212598,1608,285814
1672,39450,5714,42,20.044936133984443,1013,166107
1673,37196,5212,12,75.4947294903201,2880,441612
1674,10626,13819,1,93.77175141254311,489,258436
1675,12424,566,42,9.657459352519778,4149,162436
1676,17857,12978,9,56.23217710224041,4355,343275
1677,49923,8033,3,26.134203766279164,3725,463602
1678,24982,5116,26,14.766853453599024,1170,492997
1679,16425,13777,9,22.679042759264195,4891,373904
1680,6980,1640,42,58.19854368227304,4953,379514
1681,31431,11006,16,7.448315642952144,2670,441985
1682,24440,6230,24,43.98764102067334,3837,104470
1683,46752,11224,14,14.387557244561224,2879,431832
1684,22175,12272,3,27.995028187053666,438,365427
1685,31385,7965,34,19.884678644583126,2076,180263
1686,43158,9879,33,88.41457448325882,3536,183425
1687,28019,4971,24,71.09312175625766,894,326022
1688,23639,13440,9,86.97779531579958,1822,429887
1689,24994,3839,13,38.96282062022156,3319,126668
1690,39375,1048,2,32.027923120513336,998,58203
1691,26563,13885,7,38.678132294878935,202,60322
1692,44341,8175,48,2.8362713767163394,2959,388975
1693,10776,12779,21,72.74572323970726,4288,85925
1694,41444,8764,19,35.62747323261275,1547,72247
1695,8380,698,25,32.01905655410238,4314,157930
1696,13711,11893,47,60.21596547168276,2132,460556
1697,13782,10473,22,44.18874125927182,4132,266850
1698,22434,1071,11,98.10349345416596,3160,431640
1699,25017,1290,33,36.269051246981334,1634,203594
1700,35707,10330,32,61.775688378583425,2947,225666
1701,44110,10523,21,31.85345896035552,3309,389775
1702,22343,10547,39,99.06890304085502,4670,358479
1703,43827,14298,20,45.065992437292685,3563,304192
1704,46652,1674,8,63.778752275813495,534,401105
1705,10655,12432,42,13.545445424315028,1357,84723
1706,49859,11969,37,73.56939727150215,154,54991
1707,20251,678,9,27.65179572968658,1030,480049
1708,5526,2744,25,45.41271203013752,2899,197139
1709,8224,4586,25,88.43017317041833,411,63763
1710,16536,1234,33,97.08469897362504,1056,495171
1711,33541,6732,2,43.03263808219534,4183,94863
1712,18547,1298,19,83.64546412749549,4952,329552
1713,39531,8101,46,6.281550460436215,2612,206248
1714,13712,9479,20,84.90982894923599,1363,216169
1715,43565,3295,42,63.32152189311232,2847,232922
1716,14208,12996,41,49.3819106707686,2882,234918
1717,10109,5088,42,89.10640680858752,1193,164177
1718,40201,7797,29,84.68838502813497,2886,216866
1719,21967,3584,6,30.39756449940363,2915,244396
1720,34759,14445,17,79.357349852131,3863,401911
1721,25172,11610,25,10.849602432574887,4135,313155
1722,41935,1231,38,82.45362961126965,4939,204499
1723,31589,1629,4,67.8701061843018,2423,88392
1724,35015,12138,30,9.69876676226233,332,305055
1725,34009,2105,20,68.6249371739394,2201,108990
1726,22773,12470,3,58.47140839096065,4452,494068
1727,46125,11437,23,59.860460013359436,2128,458445
1728,31143,11862,18,29.795529577840156,2029,390924
1729,11154,13381,26,27.383222801271682,1558,271070
1730,26804,3433,36,76.49097609334798,1748,206374
1731,46688,9907,8,26.424534620706673,507,73536
1732,25581,9016,17,45.179962929179965,3440,399890
1733,35087,5574,31,69.78411086127969,2077,317729
1734,37981,14537,37,8.88200888141634,2513,492346
1735,8762,10542,45,59.86028987855406,1860,293481
1736,14768,7599,33,59.34826089216361,3697,107210
1737,48408,1990,27,68.73864237791453,1478,263803
1738,44499,1393,45,37.622881435260204,720,261445
1739,43559,1890,4,45.44899763232013,1029,293769
1740,13783,3889,22,33.66696208052467,1074,448672
1741,34781,4739,26,81.00865647168881,4587,434509
1742,35811,4979,32,13.930465243577116,4547,300669
1743,40488,2763,24,96.33244140395766,2953,234933
1744,13905,3932,46,63.84877944194252,1789,480505
1745,14127,2871,35,88.80376571482542,4771,59775
1746,27431,11778,37,43.196914368211665,4718,245953
1747,11368,4812,32,33.89562796880767,825,326243
1748,32424,2015,7,90.17185520227436,261,414485
1749,23333,6826,33,10.788429858753975,758,353986
1750,28116,7588,31,12.593615919022502,2997,293362
1751,48201,6086,12,30.635330871983058,4719,369307
1752,20525,3417,11,96.01772319486552,4199,263423
1753,28398,6231,24,63.6737923766456,2642,258834
1754,37857,8186,8,55.86517596492442,1678,172863
1755,15361,11044,32,70.83027729918663,4094,407752
1756,21369,1667,38,42.32998105173845,1174,488083
1757,8041,8802,22,76.04927664065912,3305,453075
1758,5105,5609,34,39.92983909931488,4144,159478
1759,14078,4827,19,82.80995530079,3533,105700
1760,30003,6310,20,27.46221312557395,977,52539
1761,11090,4155,14,28.4771192705044,1191,158609
1762,43850,4293,33,52.71594723724678,3159,390879
1763,6925,10447,10,43.645354677811774,1774,214230
1764,23440,7238,16,65.16346858418484,1708,246690
1765,44685,2077,4,37.064784712684315,2926,493370
1766,31015,9988,27,23.824514257966314,1317,107824
1767,38320,12466,28,47.51104772540721,3152,288344
1768,30291,2720,43,56.534693450217475,413,303156
1769,41679,9664,16,15.117405329139352,829,324425
1770,31289,1530,33,56.11514394758337,4139,458336
1771,8389,11285,48,32.606413819541785,483,59946
1772,30683,7191,19,39.85273660198228,1912,174128
1773,18629,4492,21,28.65249477726484,2424,436160
1774,29826,13305,22,93.20962245151293,3529,126427
1775,40198,1413,9,68.65029184674117,2845,76111
1776,31630,6858,9,26.983570828667656,1964,233468
1777,38226,2681,9,64.85810212064307,3391,345434
1778,37975,3697,27,85.00866854862257,4946,277212
1779,5899,6540,17,40.76139062494409,327,215534
1780,16653,1962,44,83.16579340646204,2164,316981
1781,32961,14660,45,16.287079489659245,111,61801
1782,21405,11070,8,82.45535512175064,1622,441486
1783,13601,12146,16,54.48913002456427,791,204782
1784,38662,7537,18,23.074474312988226,3805,147157
1785,38282,12245,33,41.306997071035234,1839,295907
1786,26288,9999,1,98.81130625221506,1625,90916
1787,34545,5494,12,78.57204564760019,169,456281
1788,41877,13886,6,57.93354977712641,2348,112546
1789,20313,9881,41,12.401227278548031,3223,357618
1790,20349,5808,5,42.363346707248525,4824,306537
1791,12179,6721,16,27.04209988718179,3430,405910
1792,15326,7590,18,8.029106871033635,1387,86388
1793,49555,8269,49,54.67823448321218,675,126167
1794,6560,1187,18,89.02938428424673,2272,407508
1795,18612,14856,1,67.88438694923839,844,124667
1796,22650,5161,19,25.718358410070607,2627,391987
1797,31745,9899,8,57.78487608842512,3173,315853
1798,36890,2394,3,94.38019405134992,4310,98754
1799,25022,7889,25,72.5685902393706,4676,293291
1800,9780,5422,5,69.25791604126964,1124,398401
1801,23311,14139,40,96.84765845652412,1041,278802
1802,33380,6822,19,80.08845780721846,867,317238
1803,49662,10503,18,14.52573076677646,2538,190487
1804,7356,3683,31,35.415873610643935,933,492062
1805,9790,4297,33,96.54892937303093,2290,294852
1806,31911,5678,47,49.48083402560179,727,57472
1807,29363,14138,18,12.052107086797351,476,244802
1808,25049,10336,39,46.40188308756184,3986,86131
1809,15181,4468,16,70.00233017300927,189,134943
1810,44825,3216,16,99.75727394644287,2955,395881
1811,21082,690,47,33.066626339756986,1165,471164
1812,5661,14011,38,51.8946006130481,1158,227980
1813,42412,1835,41,88.08838976032959,3159,230907
1814,7920,8681,7,36.17145458767602,4172,301267
1815,30658,13495,14,11.816894102494865,2700,335259
1816,19025,11798,43,94.9446516251489,4319,340105
1817,13946,878,48,49.35563986463651,2204,97083
1818,33706,13174,25,50.7755873664252,2953,495278
1819,44004,4329,32,62.49881431581403,2755,97182
1820,21309,6880,38,1.350125746619236,1615,177987
1821,38120,1115,22,93.18198638131607,3117,314161
1822,35027,14330,16,36.78365739267963,4247,447439
1823,12005,2830,29,40.29625437605051,1673,111852
1824,5956,14836,16,18.23681550579026,2636,281560
1825,39839,2254,12,38.43700971595364,4026,362653
1826,13595,963,17,80.59040954682915,2152,204147
1827,17803,9658,37,80.19917558299795,3896,56531
1828,30963,4767,27,93.64388724864983,731,447882
1829,41221,3658,25,40.91971779539878,1961,270389
1830,44443,4124,13,71.16342887110984,4052,356167
1831,38723,13934,8,51.21651796554815,1332,216308
1832,44063,5438,5,80.59825616239397,2364,352203
1833,20282,5917,12,71.5416589041667,2147,90023
1834,9703,6504,41,37.42238960334129,635,316380
1835,11563,9381,3,34.33070959111556,3633,248547
1836,30849,11314,35,25.99180383976879,4925,217696
1837,36860,6103,33,58.07506325837514,3197,213890
1838,36585,2712,22,96.42044230779209,1375,211172
1839,27015,6620,44,20.806607024139034,3173,247968
1840,17003,6318,9,10.429993035528195,1125,417253
1841,48585,882,41,12.820663565555048,2151,487912
1842,31958,2756,18,78.52676894876484,3721,312082
1843,31017,12502,29,35.660375624171806,4663,176682
1844,16171,12195,39,23.21231594154559,300,74941
1845,17201,1912,27,35.9315677189765,4503,405211
1846,34426,10275,36,64.88775047012265,3423,301790
1847,22778,6646,45,55.13192535800009,3458,151349
1848,47229,871,17,74.61535124560137,3071,126629
1849,26116,6306,34,34.56834069969585,685,214097
1850,38297,6065,46,45.75082877300385,3445,323795
1851,24342,9302,3,11.094868527329426,3954,402524
1852,32490,8807,5,8.232805957245365,4704,264326
1853,24975,7937,14,46.76326904156595,3524,361967
1854,31723,946,3,30.85806413714643,4200,491338
1855,28279,1891,23,61.66725664147695,459,194661
1856,17765,12016,39,5.25721437901262,3769,351912
1857,16561,1840,30,13.054871382356978,4409,246058
1858,46899,13202,45,86.65389029953312,3577,397702
1859,5525,14596,23,57.06485053039135,4758,162784
1860,27861,3439,27,71.49339883543149,2912,416533
1861,38142,13835,10,84.35523975202227,144,443450
1862,31916,12391,25,46.91959995205517,2850,384514
1863,49965,6469,13,76.34497801278013,733,458271
1864,9648,9765,16,52.933972328278905,1310,118743
1865,40133,5313,41,23.052128257096683,1849,445616
1866,35523,4069,34,34.42796071129301,3341,256217
1867,34052,5954,37,49.544693664510426,2868,137009
1868,39414,3650,22,32.37166966505481,693,160866
1869,37781,10297,17,34.217241443639935,1524,139471
1870,9599,6914,23,34.40189029362787,2026,235229
1871,40046,5157,36,13.161157906853314,956,270482
1872,40923,7447,49,9.379618114012885,651,372742
1873,46089,10986,9,5.60310792943913,4238,337159
1874,8814,8443,2,11.984669842399338,2988,300942
1875,40984,4162,32,35.027002121426186,4374,260792
1876,31616,4982,22,59.79330877252265,1580,293414
1877,7113,5297,43,19.626545793731488,706,114430
1878,48006,5568,13,88.91287575426117,771,278997
1879,18760,5980,8,81.0298606927055,3415,361329
1880,26927,8533,1,52.5321841681072,116,112306
1881,25939,1483,17,72.69677325052263,2973,331560
1882,37419,6107,12,37.266523945177084,2694,128655
1883,17588,9043,4,4.6410014805759,2584,123180
1884,41142,10416,13,90.52895190572144,715,100262
1885,44198,10643,31,13.651555337524378,3305,386333
1886,49738,9971,41,94.8457972915855,2949,392096
1887,38397,2407,7,57.6163762383449,4507,103662
1888,21653,13540,23,31.250743041121563,3907,248482
1889,15831,7424,24,50.05693770787262,2172,102191
1890,10724,9716,5,50.66135108338632,624,257037
1891,16083,9237,5,3.3054208648156083,3273,193285
1892,24816,14257,17,36.190525336529724,1573,230059
1893,47240,4674,30,74.24671415474883,2525,395320
1894,11276,14047,9,51.49684970612009,3374,240855
1895,43663,11073,6,25.178781583948833,3438,111353
1896,18994,9580,25,34.175876143657455,2107,413688
1897,28499,7765,19,86.44238491847896,4657,196874
1898,28040,9797,16,53.029417344872726,2512,262730
1899,48320,11241,21,53.30686013257236,2251,241718
1900,21959,2490,2,96.18527844604999,3282,355815
1901,11099,6096,10,32.76725850462769,527,270709
1902,47267,4498,16,48.47457138551661,4664,355532
1903,24576,4275,37,81.35964617436257,1114,215672
1904,40946,11504,15,76.13231263981594,1704,396088
1905,11116,9612,13,27.314142770938584,969,110690
1906,20563,5145,13,15.958013712933198,2827,448952
1907,31788,2561,32,70.36975304254946,2952,224943
1908,31928,4987,45,26.50796150391228,985,359309
1909,41336,14168,47,92.34490702389988,2708,237858
1910,14847,13761,46,13.795521704933382,1373,343391
1911,31155,12331,8,32.51320481334288,4526,169645
1912,19135,11857,43,6.423937445566463,2055,78821
1913,22774,4935,18,70.62722537947444,686,446429
1914,6742,3144,36,89.23500224262443,300,158659
1915,23309,13544,26,63.95157820576969,4649,210567
1916,5619,1545,10,93.83754853563687,3717,383888
1917,22658,12248,31,13.721893871619756,925,452860
1918,39707,8451,33,9.685658799007191,210,449669
1919,25337,6949,29,84.0028603855697,3011,167441
1920,21001,3181,5,85.69560636326426,3999,257701
1921,5968,3699,13,83.27291318360568,1007,424189
1922,30892,7268,1,80.09752535084081,3815,323407
1923,30619,9630,23,36.86060802992736,3789,106480
1924,5281,7940,40,22.528746275547388,654,439070
1925,32420,13635,3,92.95159797978121,2003,246913
1926,20360,9133,3,31.393018101985064,206,475237
1927,44030,3050,7,40.44236053423919,3436,430199
1928,6058,4725,36,70.25633698571168,2634,199030
1929,25677,1096,35,30.042251919404773,2326,247480
1930,15724,6554,15,82.09389193453912,3393,353272
1931,33404,2005,40,7.933427739546344,1493,137498
1932,42946,9553,3,79.32708407150452,2784,354707
1933,44748,11332,29,60.58328093916261,2935,67414
1934,34856,13786,30,57.7263707672457,266,434596
1935,14200,6968,39,46.379326874727404,2810,387606
1936,38997,7736,18,28.427514032058816,3724,294867
1937,30611,12423,11,46.942958257692425,2447,236955
1938,46235,2051,43,45.552822689850046,1504,417353
1939,40057,14428,49,58.79166468952393,1625,87210
1940,6239,11928,38,28.875854299697494,4509,196362
1941,43138,14299,40,8.681962615638753,4938,442912
1942,5125,10428,1,15.363855217274686,2874,315811
1943,28857,7352,29,70.21856571469571,925,177710
1944,20398,1949,10,3.2267406339185083,1224,67660
1945,11638,6453,28,85.78786141989757,668,384233
1946,11570,8956,31,69.74533542051142,2058,394606
1947,8249,8542,19,77.0405675894639,3839,448024
1948,14110,3159,3,83.762460460254,2209,144148
1949,45363,8009,36,13.148333949087935,4564,221571
1950,18605,8393,43,82.42265800603657,4289,471231
1951,17115,7945,15,50.95960132824658,4194,83351
1952,44062,3221,33,88.6668600365665,3030,492878
1953,27911,10154,41,88.772073504974,863,433503
1954,43525,12944,43,3.3936263316628508,3460,124674
1955,37556,10137,45,38.903656332870355,3550,287071
1956,17595,10990,26,53.11348079066207,2247,86241
1957,6969,3425,16,68.1576488885073,3495,444414
1958,48753,10324,36,29.33243842172926,4524,405127
1959,22275,11066,33,25.962083805800575,3819,414443
1960,9470,7604,20,38.74530618981568,4901,455329
1961,15225,13682,13,50.592930483239556,320,414983
1962,47324,6740,33,95.16347690913592,1961,88639
1963,46974,1012,5,76.4487382030463,2714,376180
1964,47759,715,37,43.50279552683282,1121,397367
1965,28196,7799,14,6.382251665578193,209,117983
1966,45287,12023,27,17.683538622232177,4344,176164
1967,18669,10864,23,46.136518007622286,3948,387088
1968,42380,3653,14,81.56876410977172,798,434571
1969,43006,7950,40,38.68885803205705,207,329818
1970,20577,2206,4,54.31116842376091,488,324557
1971,27473,10798,39,89.2886837224251,524,104986
1972,33625,2067,19,91.46582968323627,2594,229009
1973,20504,10900,47,22.36172464782625,3065,254157
1974,29089,11023,4,5.315897257466844,2803,335215
1975,41487,10845,30,31.23564256617998,2099,124229
1976,5302,1628,19,69.88442916775223,3675,487047
1977,36463,4010,31,95.16010789665039,1627,434260
1978,49912,13015,31,8.626167998427277,4153,394450
1979,34259,8367,9,3.81989724437788,2126,222443
1980,47823,12345,13,88.53057408558647,2468,178345
1981,42208,2865,14,75.06638164121098,2866,379686
1982,35659,6083,46,99.23260933640195,1955,317357
1983,40840,5397,10,40.28249526509966,546,113815
1984,36890,6218,48,42.18903960854016,1697,232371
1985,18598,6501,31,18.05887189244751,309,217708
1986,24508,11613,37,12.468868107136508,948,113948
1987,47287,5067,23,58.29308304843356,1751,125066
1988,18380,9771,27,37.06421512818842,2016,359272
1989,31984,14848,6,8.951328346579261,3629,99504
1990,49633,12203,26,88.81171988280866,2018,120500
1991,13125,13829,2,20.637290356683973,676,102340
1992,41059,3241,45,75.10985035334976,788,179222
1993,9033,3520,13,28.940631015693,889,84070
1994,42873,6756,19,81.47757824452711,1455,123285
1995,22087,728,1,12.721287301337751,1787,173405
1996,45901,8862,40,75.85108941195439,449,458092
1997,10704,794,32,10.713768516150731,2817,260575
1998,12848,4784,22,45.24466299783739,3639,232748
1999,26592,9117,48,73.66643070936085,4621,68262
2000,11924,13764,29,18.148619737503157,4522,152409
2001,32208,13890,2,29.280833895825573,1229,266622
2002,24614,7301,40,86.61193221712757,4450,205126
2003,5488,1418,38,88.62681276985695,4639,466267
2004,44882,11945,48,5.448609792819897,4308,471601
2005,30923,998,11,17.640967949944553,4884,85587
2006,40941,14609,17,12.629722087013041,1090,178595
2007,34165,3309,43,18.789616370479,1973,105131
2008,6667,5461,8,97.04858470632098,4241,143019
2009,31213,9517,22,55.61386963025519,4952,470869
2010,9114,4279,4,47.34312665503776,1476,225862
2011,41321,10550,11,98.462269936169,1326,92018
2012,12761,2618,8,56.138656856212805,663,277502
2013,36116,6891,9,66.45067480720694,2987,167177
2014,38768,645,26,33.94428405886884,1440,242064
2015,30426,14429,2,38.82937158644234,3837,498056
2016,22772,8442,16,59.84652899709823,1537,397328
2017,43218,14107,31,7.908792616046011,194,147292
2018,8712,5065,6,26.332405718432742,3396,94561
2019,6367,12269,21,20.484363196570403,1048,166981
2020,45957,692,26,2.5734459208603564,4748,191142
2021,46781,5687,19,54.15322578152177,2792,220097
2022,31200,7137,28,56.544231112864026,4261,83779
2023,8726,12580,8,39.009983080688635,3381,304745
2024,28616,8743,14,27.604019477014297,1597,459832
2025,32723,2910,24,65.55392772346785,4860,145909
2026,42574,2320,48,14.331256977061232,2831,167715
2027,39958,3464,44,52.34288813189807,2843,299369
2028,14108,3021,37,77.03932459525137,4375,150477
2029,17178,10561,26,17.26550041129476,2981,151688
2030,40643,3068,31,75.57269432098606,301,308558
2031,36324,6382,32,76.31865640618639,1598,309555
2032,43360,14242,41,6.932738174815036,3186,429160
2033,22824,2367,2,2.8596482826310017,3213,181869
2034,13927,7965,25,97.41960519283128,2690,220961
2035,33144,8102,44,20.144883290383667,2048,456810
2036,36010,11430,2,82.39178170091019,3704,97754
2037,27443,11961,42,56.62321465148456,4063,299444
2038,19437,3699,1,27.182743596162684,793,103639
2039,49298,11271,36,13.867073225262445,1819,254298
2040,44778,6603,12,50.17105008419502,4033,62669
2041,16207,14222,9,41.32812635131554,3832,441383
2042,30537,12697,36,70.18972242658971,2759,396653
2043,40757,13627,41,90.51268640522494,1821,202157
2044,17040,740,28,80.71956060938041,4151,78787
2045,46986,3940,38,28.17075297027638,2391,271692
2046,27612,5131,33,88.01438862677827,4299,336195
2047,33441,10099,42,83.50574009635581,2798,236638
2048,11471,12194,46,92.98448713845505,3474,100615
2049,40631,12730,22,46.40742128276078,1110,258162
2050,48461,8774,25,77.08894206853044,1141,233334
2051,31523,5577,18,59.57414848684337,1657,480855
2052,36348,4268,6,31.73977250239885,1307,259962
2053,6177,9642,18,99.44866925173358,1780,448505
2054,9760,8495,16,4.792439217126474,3721,169123
2055,37779,9302,15,17.064984683348392,3452,467960
2056,26636,13361,48,89.36169389065759,1778,440958
2057,21353,6929,8,6.9957214978507185,3696,67945
2058,16556,13776,13,88.79524606700865,2845,270851
2059,32598,4105,43,71.80692612976189,3645,426279
2060,16563,13246,7,4.631716534059688,3093,302565
2061,48790,11975,17,43.50268424256348,880,285662
2062,13234,2673,32,75.69267602522147,1045,205299
2063,30519,12176,22,58.726928178449164,3528,274356
2064,31966,10214,13,93.65125790448134,3198,394638
2065,21173,7068,47,86.89675925828799,647,453150
2066,31987,3101,23,33.932115898080454,2307,488746
2067,18178,3157,29,9.378092356488944,3084,103168
2068,44338,6580,22,94.48144692491948,2690,126086
2069,29596,14354,1,52.21139000902473,2274,171915
2070,38174,7825,29,8.365364812822904,1897,381704
2071,46974,2659,48,81.84098572256867,1980,81772
2072,9431,11141,5,86.98214059785371,3156,451938
2073,32764,4330,35,64.30303937748053,2357,231214
2074,26627,8813,10,45.30338760294765,2297,117656
2075,44310,4868,19,66.5551282200337,130,407769
2076,13906,1817,37,70.96168587480723,711,136884
2077,41914,4993,7,89.40996585051083,4497,167129
2078,49814,11210,46,95.63030635709907,3110,186949
2079,18076,13772,35,51.91777230670022,3012,331048
2080,42650,1730,45,80.05095881912969,3902,398472
2081,11012,1633,13,96.48644604317383,2912,263943
2082,12151,8107,10,15.973090476549634,782,130195
2083,33211,1801,2,2.8085301793579918,356,210756
2084,32117,12726,6,87.0274135119811,1039,378644
2085,41378,2410,8,20.332059991468917,2994,84902
2086,47652,8582,36,5.205397896548294,3285,365750
2087,11894,8607,25,16.849517628087014,876,173574
2088,18467,10197,44,39.02737621313316,2832,281620
2089,36010,8470,47,22.707304457665426,831,85571
2090,47641,11877,40,31.220109280943863,2142,381591
2091,17289,2416,7,97.55411109157458,1069,126752
2092,49976,13607,46,70.73614887209493,202,399301
2093,48596,7496,23,71.5069810970672,1183,267585
2094,28171,12240,19,10.37385209806436,4962,259803
2095,39905,3257,46,73.47773861244649,3170,225010
2096,25829,10648,22,74.19508896257518,3848,107203
2097,39054,6964,13,66.3147568222566,471,107805
2098,49139,678,21,23.61519330378963,778,287039
2099,34734,9588,1,42.88058172913631,301,289185
2100,12052,6862,19,84.7813690122929,188,122649
2101,8654,14760,33,67.349961304722,2096,442438
2102,28486,10243,4,73.54411466499033,4594,90910
2103,23743,9183,42,59.15006561245508,287,465977
2104,29489,560,3,45.509073312066064,4847,337136
2105,13636,9769,27,76.14614899664372,1654,260386
2106,11441,14491,41,7.724655622264191,4782,399665
2107,29611,7181,35,67.64291254524615,329,105448
2108,47435,3395,28,99.72324627721724,3652,119903
2109,17149,12852,6,78.23900101733513,154,488663
2110,39566,12375,6,29.765787646168075,4466,322930
2111,47368,1085,44,28.50412997583268,4131,161316
2112,26675,6323,23,67.05464244875243,1223,92706
2113,10495,12652,33,89.68957144384451,3240,422141
2114,47668,12462,16,58.217024343936444,3470,388731
2115,18673,1034,24,53.21282642983577,1652,283354
2116,16130,3962,5,16.87802925052346,215,327755
2117,27668,4511,41,71.83023858062184,3713,316634
2118,20222,3898,42,70.52756334415119,4518,362148
2119,28669,2655,13,96.72818784105091,2710,146849
2120,39068,6466,47,30.71902624626078,459,179213
2121,28253,7829,12,75.88810216038564,127,187449
2122,14435,7457,5,43.97246085856527,3937,322047
2123,33552,9696,37,56.28880636999736,3633,195639
2124,42384,11191,31,81.82893170445526,1518,269493
2125,21393,5825,28,22.977509456878586,4139,306477
2126,15617,13827,28,34.944005213214076,3016,303874
2127,43520,9018,30,77.5575583495621,1394,491772
2128,14852,5203,18,57.475333613498236,3729,338750
2129,36401,3206,44,10.14986877360195,2175,173116
2130,11295,501,27,43.58840081107279,4939,183332
2131,40993,9725,35,59.07669798432862,3777,211339
2132,39084,11173,26,91.04221432806021,3253,239441
2133,44575,8816,39,19.660316943925228,1878,493276
2134,41451,1604,49,80.78934386937081,4775,66833
2135,12227,11391,18,13.931823824582544,3994,165256
2136,36910,2361,33,24.981330347504915,2598,53498
2137,41041,5769,25,25.09104446552218,4628,437884
2138,28384,7443,31,87.87044039497442,473,246382
2139,5145,11612,37,20.702751509483722,2365,489945
2140,42778,8820,2,78.9091119715555,1231,60518
2141,21035,937,33,46.71884686794237,1942,259109
2142,8040,5346,39,99.90998601193377,1673,72254
2143,47422,11240,43,84.07005836655844,4544,280684
2144,31160,3629,43,74.23061031033399,887,131438
2145,22633,9913,32,87.20190435856736,1645,280093
2146,34344,8581,18,63.76900886789832,4221,468761
2147,22014,1401,17,84.52157339632126,469,446561
2148,19996,14880,34,26.85155788878413,4474,261978
2149,46621,11860,39,10.672617899006418,1802,310966
2150,16695,5898,7,61.97726870158021,1757,499582
2151,7852,7178,42,44.034348873695016,2028,303442
2152,21014,6029,35,43.217638733950764,4155,227793
2153,32042,7104,30,53.14803739057457,706,371973
2154,38755,13178,12,36.77687854498871,2676,405911
2155,45390,4418,35,62.97989361284008,4224,157399
2156,28711,1567,11,4.026268367415361,422,59642
2157,31122,526,44,97.01924284629456,1976,395519
2158,14160,7437,4,92.54619021251148,683,139217
2159,32213,7764,25,93.59174609561143,2909,253643
2160,44420,7618,48,37.135346062788116,755,441556
2161,12421,1047,32,53.657204808250874,4981,234454
2162,26400,11360,20,95.45892970269995,322,476515
2163,38537,9258,31,90.33225958633108,2222,216107
2164,22727,9395,4,79.23420311421359,2320,427164
2165,9358,5838,38,41.32582739491165,3650,169937
2166,33482,12972,47,56.86958309503517,2542,204655
2167,37117,3640,1,79.49833494744811,4085,334249
2168,28164,8496,3,28.02818755846314,266,63736
2169,36910,2090,37,63.018487454583024,2116,92281
2170,37496,14701,22,82.96549816033382,217,129351
2171,49311,8276,17,71.03802438155724,1909,139932
2172,34371,5443,14,48.46858248790907,2306,467528
2173,43467,13386,41,58.87622759596067,1350,389924
2174,22625,9497,35,98.87887877143362,4106,223740
2175,38893,8298,13,60.5967916700738,3209,105652
2176,15793,4291,35,78.77615764784574,4658,443174
2177,36007,1857,43,72.9338716733886,1771,323862
2178,30766,8592,2,70.44757093740695,2251,146219
2179,44532,3725,47,71.92053645629032,2397,433871
2180,17323,12310,13,45.986565376864924,1136,291198
2181,12843,10818,16,47.9418572772944,2714,487213
2182,19210,14666,18,47.31841099871745,1979,474644
2183,21456,2960,7,4.2922061140482,696,283367
2184,36367,9237,45,24.865467702900023,720,239894
2185,15106,14420,36,16.301836658338395,170,207562
2186,42957,3228,41,88.75805612832848,1903,493425
2187,7472,12426,30,28.22196727884195,4633,287309
2188,11704,7226,42,14.705820812088499,1167,359495
2189,8713,11254,41,12.856926259177609,2025,91001
2190,10051,7981,7,70.29899362066371,1137,489072
2191,15756,10771,15,1.602247780580969,3542,437194
2192,7475,6930,40,47.65913577389431,3283,328554
2193,41378,11333,19,12.768239454221428,1502,102685
2194,9255,3614,43,85.11667438595461,2461,478602
2195,19484,10618,37,95.88658528879337,1538,433461
2196,39503,1116,2,95.91670700527546,3911,139547
2197,13258,4144,42,44.75444678573016,584,206358
2198,45747,6913,48,64.80696761904485,4364,192463
2199,40196,1703,13,60.370709514563714,4998,339143
2200,45194,10451,40,35.653851237209345,345,445234
2201,13533,3065,41,44.962384650632586,3471,62952
2202,37581,3674,43,7.368046026095282,1450,262848
2203,10249,3581,43,79.77420423447724,629,462498
2204,24201,3130,31,24.839547703307286,3914,400139
2205,14686,3661,16,46.592205782501246,1888,150351
2206,37007,4821,42,48.58145262804775,1802,235426
2207,5661,9361,44,56.51046217598051,3725,67942
2208,49843,14551,6,81.96978715092091,3420,51722
2209,35137,13704,28,69.49622357219121,859,480036
2210,47828,6769,32,66.64324186379001,1503,310769
2211,15526,7599,44,53.14780408468904,897,477762
2212,8374,7876,10,10.499619739712402,631,441529
2213,30592,11860,18,40.79883869343528,2017,116219
2214,33982,10813,4,95.77436827776467,4237,419919
2215,5207,14002,9,99.559259453537,3516,306246
2216,40433,4578,7,73.3193164639909,698,461610
2217,28197,6301,8,23.523981344389856,405,489921
2218,38400,14630,43,11.087173954336196,3009,469685
2219,8083,14771,7,42.061671545573724,778,386185
2220,34328,4651,41,85.80061833357423,3484,155747
2221,47891,9411,40,72.46455974960504,830,373482
2222,25103,3100,3,88.50533151656938,2125,55492
2223,44891,6675,17,61.961855155067575,4328,460043
2224,15754,12290,2,13.90250809437954,2866,166359
2225,39447,13361,15,12.364800732818244,2198,208564
2226,20901,1166,46,5.752227960382799,491,249874
2227,38004,783,29,57.14091708677957,2843,252517
2228,12446,6340,48,25.045737425854114,3884,193941
2229,42211,12595,22,73.7039804941401,3937,220854
2230,34301,4065,4,68.93874364989323,4703,465079
2231,31116,10926,6,32.49296349842338,1785,243059
2232,46323,5093,38,18.503364979942372,3014,487271
2233,23752,1965,26,11.13763462980412,1518,254427
2234,37376,8821,11,73.99421210749661,4291,341280
2235,21669,5234,26,45.59365854716739,4301,431973
2236,37916,6757,17,33.02946150363575,4190,326981
2237,18395,7866,24,85.8086485648249,3826,125592
2238,25421,10752,28,59.76770844036902,4873,443931
2239,31342,4172,35,52.28223130326186,3729,198347
2240,9895,7882,31,74.59453733258596,3413,70191
2241,16023,7087,13,81.74273088329355,4985,372270
2242,15699,11186,35,68.92124238684923,4710,495008
2243,14715,13773,16,44.56062554133592,1184,292070
2244,24169,1492,15,38.55058047454656,1107,305305
2245,21163,7358,43,77.39482888899752,1417,321038
2246,10782,2621,18,52.272808903388324,2449,396397
2247,27641,11276,47,70.73422177322026,2793,134114
2248,23792,12888,37,89.14948011897464,2378,73321
2249,40585,2723,48,91.67317283893361,3822,158505
2250,35682,5022,48,28.49384828481669,3793,74959
2251,23880,3688,49,19.601105076978897,4492,453731
2252,43067,3737,41,26.86744867334695,4650,115196
2253,47685,4636,27,75.38580528301478,4435,202515
2254,23073,13216,35,37.63574556856986,3347,234622
2255,41035,843,45,18.165538803291646,3234,218280
2256,42174,13153,35,10.740163758189958,2698,182855
2257,29837,5204,28,33.404005694139094,2285,128649
2258,22826,5323,39,14.47750759470062,4152,383065
2259,29981,10968,38,16.480987640797387,4649,188054
2260,15382,5420,9,68.70451337118075,3924,413031
2261,9437,3701,12,2.953477471172123,3620,289297
2262,10435,5971,15,12.637772900918362,1349,327460
2263,29819,1388,21,84.59218363009654,2174,425796
2264,41875,10735,35,84.64649441680706,2604,170357
2265,36982,10033,42,33.59510439759412,4890,155364
2266,38328,7627,33,9.70734782850417,4905,315080
2267,17329,4220,19,70.79206304691338,2114,389544
2268,30169,3383,23,36.65303708961356,1048,271723
2269,26932,14084,13,5.500998093287658,206,124843
2270,39594,4712,44,16.624871148680057,2591,318853
2271,16421,7461,1,14.584266384438406,4792,276462
2272,12629,2915,29,59.32251803893856,254,332851
2273,13325,9809,24,89.91364077675257,3340,89384
2274,33495,12955,16,79.51413129902228,895,347331
2275,36750,3501,25,55.10508845670577,4467,379079
2276,34619,2238,23,42.79336132782053,1670,92536
2277,45461,1864,28,62.24899419781763,1734,428916
2278,13264,3208,47,44.937461357028,2038,467404
2279,17686,13482,16,25.363813135055278,1632,326389
2280,29226,1424,43,68.24054807987568,3128,423426
2281,11721,651,38,87.45115062839078,4317,269979
2282,25609,9277,11,37.91416273740519,1540,424884
2283,12373,8544,3,84.31230830144236,1498,82286
2284,43675,1412,15,43.677122601865555,3746,215375
2285,33937,2821,1,40.732258366843176,3497,267745
2286,10656,14365,7,3.804111397155739,4345,222121
2287,13984,995,1,69.83261123537362,4902,393045
2288,34984,12487,49,80.94274998626847,3142,237272
2289,13286,2648,32,66.69213503629754,1715,391130
2290,10901,1056,9,15.984734187802406,1613,119726
2291,36552,13893,29,11.22605328771167,2698,428486
2292,30709,2052,26,57.71301641023541,944,223933
2293,36055,2620,23,40.750109164275585,3519,224711
2294,42685,3585,45,43.48068056507337,3630,336081
2295,13429,4004,43,96.81222442755777,2427,240586
2296,19716,656,29,72.66834444811347,3140,435389
2297,16138,9426,38,41.766986181567916,2076,316104
2298,40298,14967,33,2.890828704329774,1935,351746
2299,28429,8005,7,4.375474087473757,4999,191636
2300,10772,7662,12,68.79556586893976,454,377677
2301,40732,6023,31,83.93613719225863,1705,359654
2302,44905,8043,32,71.06256032541869,4573,317235
2303,22347,8555,20,41.18288750786782,3295,112335
2304,21920,5154,17,4.082438055126387,2227,473735
2305,36822,6750,36,96.77276139328774,1087,446926
2306,45108,11968,3,98.64727015365058,4428,113564
2307,28563,7746,1,55.387090592982595,253,179257
2308,12967,654,27,7.996425504815453,1006,165517
2309,16871,8450,47,54.55627808553222,3863,109977
2310,33763,1496,40,89.34150855186003,1720,154931
2311,16916,10986,33,68.31856550269313,3728,320132
2312,13734,5126,20,72.2789338722397,3674,216826
2313,38613,3405,14,9.41201390579268,4518,405794
2314,33179,14759,36,11.544652066148343,431,308516
2315,40262,13516,5,13.607528861212641,4438,335218
2316,17677,9869,23,90.53330653243827,529,333342
2317,23268,653,45,53.05911399011752,2523,388189
2318,17330,8353,15,79.36593454290613,180,206252
2319,25733,12879,6,12.413834728476422,1673,98068
2320,42947,6981,33,92.8366278453509,519,160969
2321,32286,6099,19,82.29306705822381,566,66560
2322,11610,2216,13,23.251650332760256,3493,223746
2323,11430,11894,29,87.5440410961014,1665,377296
2324,44922,14804,6,27.08083318028412,1618,173516
2325,18828,11549,15,21.328648054566596,4130,220010
2326,47913,1286,16,27.160149744409026,2135,347535
2327,36497,4868,24,91.08555126398832,903,340875
2328,44256,14815,23,91.64360656597208,1177,396842
2329,41618,8596,48,33.57058169410891,1732,426024
2330,31526,4772,10,70.83798432436058,2084,168440
2331,35158,4267,41,67.89878026125415,103,468452
2332,30032,11570,41,80.84970058090992,702,480349
2333,42846,9334,49,30.354440514070976,2467,257987
2334,49936,6494,17,51.50371564912979,3775,54340
2335,34794,7716,49,67.0997211498204,600,120291
2336,10448,13354,44,3.5994250621806985,284,98731
2337,33861,9357,45,38.29713578776451,3609,238500
2338,33141,3926,30,69.89294741017832,3351,364966
2339,14074,4283,44,26.006914218794208,3247,354010
2340,11406,5927,46,95.81270659364223,3040,426439
2341,36823,7511,10,3.985975779177056,1395,266513
2342,28291,8552,19,95.85063157115486,154,264867
2343,46568,4201,29,22.459622933029603,1824,408935
2344,37003,14586,2,5.833382150611628,3010,152262
2345,39406,9761,36,29.95492928913219,1970,281512
2346,28312,2849,19,78.84194842173231,4272,290164
2347,48108,7511,7,75.49175863835727,2443,353957
2348,6382,7555,26,21.675201225856412,3390,255207
2349,39171,13195,15,20.482223225588143,3448,451931
2350,46779,1712,47,64.61541166464954,1701,499118
2351,8292,7465,38,46.35018627789732,2893,151354
2352,46779,14641,3,79.43670537975932,3437,326927
2353,38187,9844,38,3.3891450905628053,2190,277870
2354,17411,7204,16,61.43077421529654,1351,401156
2355,42285,7933,2,73.33652921174772,270,380077
2356,20422,13929,31,99.34522509083823,2909,352824
2357,47468,3011,28,68.19938772944784,2454,274083
2358,37371,643,7,23.95267049844666,1873,435351
2359,10693,11181,30,11.710433293123838,3854,109179
2360,38535,7867,43,64.45076068976346,4091,411757
2361,19818,3728,7,52.795123684303384,2181,352114
2362,36238,5082,36,90.01538355605662,926,54718
2363,35874,13647,29,72.93419409694623,1765,470327
2364,31715,11897,24,51.46450255421944,229,481934
2365,32605,6531,39,40.95535760574961,1517,387913
2366,39317,4743,4,41.03309525751121,3887,129707
2367,36174,14147,29,23.40412432897222,1507,191798
2368,14956,11834,44,2.7152712038140088,693,404448
2369,43908,11996,5,57.91614823250351,1137,311643
2370,15837,10049,29,22.029058519798305,2228,67139
2371,8716,3213,30,21.624364855076106,3378,312129
2372,9481,4685,29,13.41274163897157,4399,246753
2373,29282,10049,26,19.769953527492582,122,169804
2374,11548,12986,19,4.14712580595863,1733,94782
2375,42605,7828,26,67.74891352510467,4101,69958
2376,12758,5133,37,40.738314514956734,4299,272811
2377,48668,3692,27,56.590935278541366,1505,202379
2378,28177,800,30,64.05880418405916,1578,153026
2379,29022,1223,30,97.27597166533977,1294,381278
2380,45761,6194,3,7.758320719694598,675,325727
2381,10542,3510,43,42.37385079831236,1706,294245
2382,30476,6055,7,25.343895419121623,4469,329157
2383,35784,567,49,48.1944812538246,551,360128
2384,27740,12528,9,92.12675776077494,224,290734
2385,29817,12685,41,72.67444225956697,3554,171246
2386,21052,3006,42,66.53300906150945,2464,225946
2387,40153,2037,13,44.68334176668656,1966,483413
2388,5671,897,15,67.44013733906915,1783,179110
2389,5163,13407,5,4.2051623501664,1006,59096
2390,46424,12049,29,59.03762853095955,3634,252163
2391,49002,6180,35,55.82387969732557,529,123533
2392,9795,9855,27,35.31740276435609,2851,257417
2393,15634,5325,27,20.94989841698673,3925,426939
2394,9798,9247,8,80.9479995489308,461,337762
2395,27420,6548,32,6.3323493310545516,4991,272572
2396,34300,4161,20,7.89761357793519,531,59868
2397,29345,10443,10,44.61165265443051,2822,334026
2398,15749,3441,13,26.0029001934519,3161,463855
2399,43595,11349,29,74.79978893719502,3323,218035
2400,30121,11487,35,63.78481761519791,1730,418904
2401,42487,11021,8,77.4809448165365,4771,414269
2402,33411,7567,29,33.143216677442304,369,437821
2403,38361,5591,31,74.31137502216887,1223,296436
2404,26223,10651,41,86.3680203666135,3276,210542
2405,12394,2101,30,35.1821749474386,3492,422126
2406,19056,11485,22,34.6496862950215,4633,120714
2407,33380,1980,21,90.0951889867362,1142,244742
2408,31035,6730,12,5.929235065583204,1741,257506
2409,35620,9794,11,35.66875116735359,2541,383246
2410,24877,3776,2,12.748576715108603,3397,201425
2411,48404,6947,41,3.8690784347476472,1483,481404
2412,35911,5999,2,12.17407234703539,4096,345519
2413,37784,6773,34,43.693333326847416,114,383354
2414,8191,1799,3,69.00865085355129,1774,203344
2415,38160,6318,16,29.638960019754332,3717,464932
2416,30000,7201,4,85.11785543271135,1580,401420
2417,44040,5494,23,44.323947245096655,1845,400850
2418,8631,13994,20,96.85457704521261,3146,216234
2419,11172,12571,25,95.4614112749263,4310,123606
2420,47080,7989,30,77.5543460440147,1075,472688
2421,28561,10227,18,93.3081441185152,1785,239576
2422,29817,8769,42,71.00251153995005,2183,169837
2423,25281,3331,11,89.66273580912696,2389,236513
2424,33671,12102,29,24.410898019264344,1786,420487
2425,30364,3221,17,35.19659981750306,4258,111401
2426,46674,12319,26,75.5400765344813,608,370979
2427,32425,2032,23,43.031562582449155,287,369080
2428,33602,8929,48,83.89541594862727,2882,212590
2429,28253,5753,20,87.88624828718973,4288,266007
2430,28472,2496,45,30.673218987371563,4200,235534
2431,13080,5811,2,82.52163001076778,3609,439590
2432,12099,12119,24,16.272162835449855,3617,208385
2433,30431,777,31,34.085474442148055,2172,440488
2434,36186,3589,27,52.27853016101751,197,328254
2435,35111,1023,2,23.417932448285324,1391,478032
2436,44851,4775,14,58.34751512794473,3564,373693
2437,27614,12910,4,58.29081279304701,1887,442978
2438,31724,5865,49,21.483386590239668,783,340674
2439,46991,14545,13,79.76849314366021,1232,313037
2440,9940,3622,36,63.53280445173819,4222,440889
2441,33758,8667,35,32.45829017567047,3304,173967
2442,41224,5690,44,23.9862935635589,3223,406404
2443,12788,5075,8,87.99626374461485,3936,339029
2444,33082,8227,2,83.73848227724062,4976,94560
2445,29034,2297,6,23.746306810697106,1714,63613
2446,40479,2631,31,4.524917425134368,1141,187159
2447,16280,7822,10,80.64872697856926,2965,478917
2448,23052,7000,44,61.93534697123927,954,68665
2449,21531,1315,21,10.98732077729251,2126,156568
2450,27804,11386,42,59.148462415670615,2087,280756
2451,33903,9134,10,45.766085850807734,2650,341766
2452,49857,11832,23,77.68048241989547,339,407978
2453,15142,7166,3,21.69939937371427,589,263475
2454,14866,642,32,45.86251768619763,3951,91989
2455,9531,12979,20,16.46816731093976,1136,94741
2456,43098,1910,10,95.79519555327381,1438,70163
2457,43278,13165,29,78.09507753559124,4880,121637
2458,33138,1034,41,73.93552022363825,3369,109175
2459,32065,10408,46,69.3304598370594,2654,284330
2460,34956,3864,34,42.91030780417179,3600,305972
2461,46732,1532,37,92.40495915461133,3962,345690
2462,44261,3842,20,8.218784180773534,1867,184547
2463,15759,10102,8,80.52264809621623,4808,120259
2464,10439,14928,7,22.308040478467536,261,327034
2465,47533,6585,6,33.078767607750954,755,204342
2466,33270,13965,11,52.423543167763526,3106,318857
2467,18279,5000,44,78.48284609450238,4816,143389
2468,44279,1672,18,84.01495585771993,3606,377461
2469,49251,9580,42,58.78949276585236,1356,246189
2470,28888,12030,29,40.90051340453384,2258,395123
2471,22630,5017,25,94.7037397189178,2051,433205
2472,40144,8507,21,25.405608288097465,849,303154
2473,36182,2141,46,80.5063630121829,808,442886
2474,30538,971,3,61.59291252336717,1721,243666
2475,16824,3440,18,38.31260667163616,4236,264592
2476,37125,9238,24,1.1354304519901433,4755,308939
2477,11979,5226,47,45.21333083351405,565,237577
2478,31189,12289,38,28.395279756687625,4095,223329
2479,47600,8170,10,11.3303147192305,1200,260582
2480,17504,13825,27,8.440697968470399,1813,165039
2481,25669,11517,12,35.408274403848594,4685,358636
2482,11910,4223,7,61.86098148532421,216,159718
2483,39964,14617,17,83.91441222111258,2581,458611
2484,25131,863,1,19.172761249785363,295,122005
2485,30227,10858,26,43.03975315959591,4814,75040
2486,10978,3809,15,39.80365787407307,1574,159009
2487,26991,1045,33,51.82600691164305,2572,118702
2488,22153,3740,37,81.14913981014573,4229,71637
2489,38548,7165,47,55.81087658192425,3154,117745
2490,47676,13421,31,84.81883643672712,1374,451963
2491,44071,2436,35,52.33662385082879,3809,201322
2492,8983,14468,1,60.780889152945875,438,402611
2493,14503,9654,8,44.300941006805985,3611,161855
2494,34921,11697,12,82.48646244926773,4375,279939
2495,21905,12498,19,92.45889343010062,4817,104040
2496,28953,1382,25,64.27532907419142,3399,157518
2497,31806,4340,32,82.25746246811748,1756,474521
2498,27168,7423,12,6.841330065910929,742,246390
2499,9583,9562,13,90.70506339321909,1780,245309
2500,43714,5111,28,19.703581617073333,1450,133110
2501,44896,11677,1,26.395522305254985,718,408539
2502,16889,14208,6,6.279676752467878,1269,233434
2503,32413,9557,8,96.57461158043185,351,453312
2504,17275,14941,4,85.34907409934925,401,302138
2505,7461,5704,5,91.4052758050173,3241,125764
2506,19291,13001,25,84.87440060824149,1666,190290
2507,16435,7788,22,48.4735247194076,3264,402511
2508,32935,3703,28,92.48411147498558,4057,396482
2509,38453,11589,39,96.97780922229164,2310,490597
2510,23544,2744,23,50.754130702150356,3252,265555
2511,17258,518,4,18.38685335155498,3759,200407
2512,35841,1141,4,66.20362838734634,711,227933
2513,15736,3583,47,97.5683906955035,2043,342051
2514,42643,5700,21,87.34253912602863,173,303143
2515,48950,9021,37,86.31970243844485,2973,89387
2516,39964,1365,41,93.44798366392092,4737,124655
2517,33044,1273,2,89.50127379470216,256,107407
2518,44933,13179,7,77.85188473781099,3658,447771
2519,20997,5232,49,72.10901038402089,355,358239
2520,19215,11046,16,27.21195020073068,3210,51042
2521,38069,12030,17,62.512662121416476,1151,153748
2522,28911,4018,20,52.627373548883064,2517,300763
2523,22030,11634,23,86.33246506651813,2356,316332
2524,34334,7295,34,49.67954477551713,2734,390740
2525,19571,7484,11,13.646533590726222,2996,191305
2526,47719,13813,34,1.4922760469125682,1991,315232
2527,33927,3067,33,68.10943892639786,3783,313790
2528,25714,2174,26,55.44093032558899,4511,194199
2529,48541,11375,2,33.765327531486385,3564,213687
2530,28387,12072,23,17.728242853751144,2591,247095
2531,33444,1239,41,47.20481691798631,3839,327597
2532,24921,2045,22,10.92836077541166,1875,364377
2533,18057,13256,34,34.27474043289317,4036,477731
2534,29858,10951,15,38.5419787173278,2070,307789
2535,49638,9827,10,47.09625078895825,3819,395231
2536,31062,5627,15,47.19545438254584,4053,374137
2537,41850,7447,42,26.443558703953446,2592,234834
2538,25567,7120,29,85.17088717859677,4765,262886
2539,34739,9565,23,36.198807119417815,748,307493
2540,48285,5055,17,23.729143580359118,1740,136392
2541,8754,10992,9,18.405178457648432,4534,258539
2542,32044,6145,36,32.935261055830225,628,172349
2543,6724,9443,9,7.6877354147759025,2201,203260
2544,6376,14249,16,4.257844775116194,518,116019
2545,13706,14565,36,60.909077483483905,2452,50451
2546,13894,7624,48,62.295566468869815,3609,447285
2547,23037,9545,33,53.429232061190675,184,376418
2548,23450,4232,31,76.46623432794071,2399,194458
2549,21406,2783,6,4.87590388343072,1851,450423
2550,34725,10021,10,93.66133771273729,4321,219511
2551,10926,9169,16,10.41144720244899,2757,233357
2552,44019,11418,4,67.72827644496577,4075,330301
2553,14496,11783,22,14.206262305140122,2451,124726
2554,41068,7498,13,88.11063789747145,3199,155716
2555,34806,12922,16,51.560615407558096,1389,484573
2556,27663,13940,29,9.147060560779627,3223,276286
2557,46321,13197,6,62.05568715730728,2802,196001
2558,41495,14233,26,1.9018844443379637,743,154636
2559,27656,5913,11,77.82619566558421,3005,229819
2560,30860,1769,24,65.40791367796622,4167,320057
2561,21832,8368,29,22.04985018698722,4163,76727
2562,43787,14367,3,38.100340701433275,4769,183018
2563,26727,12873,10,1.772862754400136,3022,111061
2564,47815,3103,1,69.6746976821493,2121,282791
2565,34545,6461,43,32.944145613462204,3724,248002
2566,49522,10161,26,57.5873026143752,2970,163388
2567,7520,9069,12,95.71603516353183,3218,117957
2568,8081,8057,14,30.647204581810914,236,397983
2569,39196,2180,25,99.03355052464451,4325,417793
2570,41735,13862,8,63.64011021474908,1318,462683
2571,44213,8933,43,24.96677796226499,1117,287406
2572,19566,9611,4,44.24101041910452,3800,205576
2573,19042,6182,28,74.30485911597539,4627,257588
2574,30498,8584,7,45.201312860625045,3240,313988
2575,16329,5867,10,7.782249166813687,3629,84572
2576,36656,569,36,17.69176247687169,2687,288457
2577,7159,4424,2,79.33847683261061,2482,265495
2578,42900,6700,26,65.18893449608808,2705,264885
2579,24363,14193,14,57.41272225588124,3187,466191
2580,48241,10778,16,17.59457510478473,3627,69449
2581,24033,2507,43,83.9379870896836,2657,300835
2582,15805,9492,42,96.11327084903876,308,160137
2583,40851,13829,17,5.0478226515762845,3910,331603
2584,31832,8619,46,8.725155194731675,4253,247867
2585,18944,3279,22,88.58772582814191,2107,461820
2586,24873,5420,4,81.7396731491807,2963,301201
2587,45372,1255,19,62.17551109561807,3476,175298
2588,28928,6995,2,94.55155568962765,1468,260467
2589,20379,10687,39,64.99662722120831,3900,421478
2590,41751,6435,9,22.38254229722083,1137,372284
2591,39546,10013,19,73.13559004797312,4572,337506
2592,29286,2830,16,64.92532412981808,2390,209015
2593,10110,6205,25,98.58872549899291,1092,71319
2594,17087,8801,48,22.175677901104383,3038,412895
2595,28762,1516,18,60.1906086998973,4610,282505
2596,22081,7847,23,78.23658470028712,493,494266
2597,39947,14749,21,34.559325844478906,3786,188769
2598,14596,14557,11,38.588278726725534,4924,269683
2599,43019,12557,39,88.90228199450375,457,234727
2600,47003,8716,41,41.01529308127925,4104,146896
2601,23313,5438,4,62.84855233766583,1281,274768
2602,6013,3338,25,89.03457561515573,2165,340879
2603,28705,1237,32,21.772831725965574,4002,81293
2604,6828,6700,30,98.20585233890797,3518,257267
2605,12909,8871,45,70.49339986306225,3229,189082
2606,43356,731,26,50.11604772000304,254,404449
2607,18109,2417,36,43.66113587074877,3658,139359
2608,7023,9034,34,95.48209693959895,1654,352871
2609,19537,13264,9,21.36675792543697,586,154545
2610,31661,6418,12,31.85664242775017,1482,64787
2611,43659,3123,2,31.471482799244548,2515,429854
2612,38848,9146,38,29.61162713871188,1170,161489
2613,42804,14043,5,47.38526647635323,2354,194375
2614,20379,13076,5,98.92874409351549,1606,247874
2615,32766,14024,22,88.98988990490552,1975,148782
2616,48590,6901,5,33.46700726382713,2290,365592
2617,7563,13317,4,42.86414145728363,1170,119513
2618,41060,7572,9,67.2785938922072,290,318212
2619,34197,2776,29,2.6980163889647963,239,160040
2620,8586,7893,22,82.19521220987913,4810,168962
2621,21087,9287,27,88.10000767388003,4110,212299
2622,28225,4374,10,85.86283309812887,3511,62740
2623,34750,5030,16,38.13038430166808,3072,400477
2624,11643,13669,42,46.737951229056605,1614,376889
2625,32523,7664,42,2.226443868471827,3220,188863
2626,41727,14569,10,40.54013945631153,4070,443701
2627,16005,4997,6,46.58225541429355,4819,226120
2628,48543,11361,49,90.7904550137794,3624,473911
2629,5161,8433,5,89.5047797019675,1445,480657
2630,21029,2635,6,96.64360934470304,4282,312481
2631,19226,7227,47,88.62539352396152,2017,180996
2632,33731,12656,25,1.8118702333369159,4477,458308
2633,48922,2065,4,64.50462438088975,4010,106052
2634,49848,808,40,7.755530627201038,552,281379
2635,8390,9034,48,27.986834351618555,4242,51471
2636,10997,9127,32,58.252455317587454,1711,101194
2637,17693,8868,35,70.36076802234635,3267,487604
2638,47092,638,10,65.80857056579242,2178,297279
2639,5541,693,34,5.856778373455679,2681,239117
2640,26817,3757,36,11.256783087385651,2164,169076
2641,42861,3735,6,13.730094480196065,1358,123392
2642,18428,13972,43,10.05002330019942,4587,373232
2643,48934,1442,46,18.645207903662904,453,149909
2644,15258,5120,16,69.16029133984438,4500,317808
2645,21044,12571,19,83.25288786475613,3736,138859
2646,34411,6220,34,41.47257511726762,1663,141991
2647,10469,11805,25,69.58536913640602,811,169805
2648,33854,11654,31,20.801609865316824,3602,448595
2649,11256,6853,49,97.3547350117074,2832,81536
2650,15720,13528,41,35.649754762904216,4981,186063
2651,38937,5457,17,84.74082371427868,956,144754
2652,38598,9645,47,94.59127089030932,4372,428278
2653,6651,9994,30,86.60668232465493,1529,146649
2654,24194,14062,39,7.6396975024886045,2592,413754
2655,30051,3881,31,65.38040857341835,3298,143513
2656,32386,6339,19,12.888979950583568,3520,340503
2657,14518,3380,35,1.5606370520538746,2168,167060
2658,21184,10879,29,6.126560950363677,4906,492518
2659,38787,5387,1,91.69877044825867,3591,426353
2660,26621,1045,4,90.93788791177899,251,68043
2661,15028,14632,28,23.356614388639347,3331,138059
2662,17448,13804,18,55.159060265064,3006,59070
2663,39051,2427,26,95.54779796432669,3651,253807
2664,35447,14341,40,50.17390683997949,1566,265311
2665,23394,4652,19,39.96420419443003,4291,457349
2666,39501,14947,6,48.84162071041783,3523,106955
2667,35254,504,1,79.23136039364248,4157,340715
2668,23509,12173,8,48.25048562079029,3025,470207
2669,19472,6033,33,78.54449044695458,3765,297275
2670,8471,11945,43,43.73804711845236,4835,127115
2671,46796,10054,21,25.948561449926903,3530,230813
2672,35268,10512,24,33.32080025204344,1256,411035
2673,13329,5878,25,8.704522999079428,4307,265611
2674,39865,6733,47,50.240733296518364,3508,180644
2675,33272,3163,43,15.662981564013277,1261,71871
2676,47845,11630,19,81.34315362713855,1359,449439
2677,11397,9965,29,42.63846684153252,4190,326341
2678,37373,3826,10,76.73523007518058,2941,124923
2679,40525,4159,12,95.49158232632472,3302,152657
2680,29570,11637,33,85.09831702161036,3081,142438
2681,23284,11710,7,95.19490429483615,3654,244268
2682,23994,1631,17,57.225716160202296,3572,413053
2683,28284,5263,10,17.367118964073644,1324,412986
2684,22833,7237,31,93.60419946418635,4487,391576
2685,30122,11328,6,86.98193466908032,2489,353669
2686,10017,11721,17,86.57688611562592,1114,328342
2687,21370,11711,37,69.63416831346314,4780,215596
2688,34252,14069,18,62.866709956421865,2126,144187
2689,12999,5592,26,2.457665294271818,3813,148172
2690,27436,6522,49,75.0573528397235,1592,149499
2691,47963,13069,16,10.061976630797767,4222,461731
2692,7096,3659,8,26.715342674155007,1800,418457
2693,30279,14015,24,55.59753923978235,554,306840
2694,48363,6659,13,45.72152590272812,1017,334171
2695,31201,7818,29,2.5616645873731505,113,325936
2696,24715,13723,32,82.57452078671952,4474,305519
2697,34309,8945,24,88.00129485050671,589,393457
2698,20078,5807,16,68.50542140617992,1084,135330
2699,10105,9020,11,54.56571800702542,1060,344688
2700,34312,11283,32,96.11304605104768,1882,265359
2701,7839,11522,6,12.875664567071002,1969,135263
2702,8384,3544,35,74.05309531283392,3404,425473
2703,48619,10112,33,13.707700676624587,2744,204737
2704,47821,6136,18,38.802635093418154,4445,343270
2705,18493,12093,37,58.96296640792689,4935,200553
2706,22069,3392,13,73.97168135993088,3768,272444
2707,12531,5788,10,1.3678939269264152,4501,411781
2708,42051,6312,37,26.799190750805842,1925,310779
2709,12736,13989,26,54.281838749572216,3407,177208
2710,12710,1154,46,53.75449423698919,3462,73549
2711,6619,5981,17,64.12501705968015,3210,249944
2712,18975,1259,1,31.081504505954022,2865,233308
2713,28252,7282,25,54.512395857804634,4378,245055
2714,20261,2298,34,19.788890966023065,3870,86155
2715,6431,5659,39,19.50034922594209,2792,87481
2716,14067,11663,10,58.07983237883808,129,284477
2717,42481,13203,20,68.86178591948877,866,117967
2718,32037,12118,7,12.919596701447507,714,411464
2719,14557,8946,16,13.15620028851811,1104,394705
2720,14435,5762,37,56.96496645458459,2221,332590
2721,42766,4323,29,27.739479476080913,3226,320651
2722,5162,2376,12,39.847511121870326,3109,175183
2723,39742,11449,17,40.67409631711021,3919,83208
2724,24675,11316,48,18.676733069206723,123,67522
2725,13461,13687,20,1.1301487096320169,4159,359546
2726,22015,6654,26,85.46202918693173,3193,468706
2727,37591,8287,48,71.78519492087113,3010,219083
2728,33047,12813,19,69.36331725344098,2070,478287
2729,39782,11696,47,55.10400867321865,1638,490970
2730,14833,5016,12,70.39599580323393,3241,277021
2731,12896,4234,21,93.63314937721495,4867,95102
2732,37972,9936,42,66.90169988669983,4069,64040
2733,46800,6472,34,27.244048790817544,3024,416398
2734,35508,7139,7,57.4854451223489,670,450262
2735,10347,5856,45,44.7901159332548,4959,482590
2736,35314,6880,35,56.0854939801028,1342,348333
2737,7643,1508,15,52.24343726386968,812,161738
2738,45785,4814,1,86.01875323761803,4962,396142
2739,23681,10202,26,65.52821023472565,1393,285479
2740,43328,10651,35,19.68708931547629,2966,136070
2741,20892,3008,25,7.238661108661712,1774,216040
2742,22073,5258,42,43.01201507945335,3763,202007
2743,41768,3182,15,2.545451603515195,1459,367725
2744,35682,7811,22,32.51144119750023,735,418675
2745,37262,1489,6,37.43412547448334,1309,321153
2746,36358,12976,15,38.18329852698247,2712,490205
2747,19289,8946,24,97.95565240806538,1397,490092
2748,12927,12855,21,31.086186820274357,457,248554
2749,6171,5211,7,27.2575220424835,340,479940
2750,16918,6979,29,13.808712175686582,2704,160847
2751,46903,7464,32,51.589874732578664,4164,101377
2752,44110,13661,32,16.213756315148444,1926,118861
2753,16929,8575,5,62.01317656034767,3658,189771
2754,7539,14413,4,16.360818114896603,3960,446961
2755,41727,4952,22,58.09065845816092,4351,160612
2756,27669,8947,18,82.800654678288,4547,356981
2757,10432,1507,35,5.209938718390171,4239,474010
2758,25644,6996,17,42.55495051690238,237,202270
2759,23745,10447,24,46.64384775466471,3834,238875
2760,33228,8188,2,79.31614220433313,2067,432935
2761,39521,11263,13,47.323647562608876,4949,456705
2762,36703,4408,15,57.1860428591757,242,100557
2763,31928,11689,5,79.32922110521903,3733,334618
2764,23322,3303,3,56.41609079999978,2659,106439
2765,27360,12457,37,36.47164193843866,4257,265028
2766,34055,4879,37,9.498385484437645,2119,236258
2767,47891,12075,37,73.26164732174519,2949,118213
2768,21376,598,3,87.24267686605336,1292,367440
2769,11588,8888,35,97.03638916499624,2413,215584
2770,30000,11221,23,92.73338819638526,2455,388855
2771,11304,1377,28,79.94437297449163,2606,419871
2772,12345,2368,30,64.70372129232709,433,51177
2773,34300,3165,18,78.3645544372332,2662,50761
2774,29259,1888,36,43.776287572354725,2820,284154
2775,30470,2915,33,59.88284526429266,2538,318602
2776,28017,9261,26,35.521281104779334,1895,366919
2777,20352,3137,48,33.34421228305789,353,234938
2778,38365,7742,40,75.91248555432735,3757,201182
2779,24446,9757,17,45.939345448052606,1523,143789
2780,7336,9113,40,22.00396503017189,3337,438192
2781,14879,3383,7,20.99187803224472,3431,168249
2782,37316,1704,8,86.05806379542342,1127,340577
2783,38340,1044,31,68.09828894190444,2266,122715
2784,12521,12858,12,55.058561262453466,4094,326993
2785,11171,12331,48,40.692934863639586,569,307969
2786,28481,1723,31,43.650921687925454,1193,382124
2787,23474,3672,44,6.686084225299437,4889,380644
2788,49629,9459,19,46.036104341916435,3012,485206
2789,26008,6950,10,79.7500361515861,280,372035
2790,6633,12349,39,39.41066152943691,4167,372010
2791,17485,14494,12,38.97454400178253,3176,221064
2792,48617,7020,20,2.555941718909492,1320,435613
2793,8648,1154,37,46.32569099324879,4242,246169
2794,18140,7321,48,3.5084276418487192,3723,126008
2795,22921,2946,41,57.46459337286735,4829,261734
2796,19357,6392,7,51.171554776649096,1663,315245
2797,8137,8912,14,84.16084139347589,4784,339134
2798,5097,4166,11,58.596280481646396,3732,119214
2799,16407,4777,7,33.01930817689931,2457,346755
2800,35575,4902,29,52.1068699322745,1662,146265
2801,17722,3069,10,70.27092921924196,1513,494306
2802,17924,6015,29,10.302415745627897,2606,306146
2803,8750,9705,9,62.486334758572944,4928,65958
2804,32733,10743,36,91.74600191581993,1117,401930
2805,13535,4485,48,30.613899267493192,3754,253691
2806,29487,13635,10,63.035884392764814,857,246328
2807,35651,8667,19,82.31161558467412,3879,268364
2808,9666,13591,31,51.66883334642379,720,117002
2809,21994,7948,17,72.0799738680181,1988,99887
2810,6727,4810,9,31.790023510436747,3684,312483
2811,39622,3519,45,31.299786839589334,281,160083
2812,15800,4181,33,67.0908181580575,2828,362672
2813,42823,10135,34,70.8354785233749,2395,398783
2814,48039,4696,45,93.76396025170223,2767,132624
2815,23708,11702,24,23.25901889707948,1899,381404
2816,17819,1072,9,47.35354201270894,1599,418637
2817,14369,10024,7,25.80083384322525,1084,103570
2818,14283,5253,16,8.929123927144294,3653,71643
2819,35573,7582,19,40.91982226680128,2464,110252
2820,18171,4502,39,38.03399398153213,3405,403724
2821,35933,6129,6,27.772977878236603,2315,191406
2822,10774,11826,11,30.40249422280223,2890,148856
2823,11519,14444,12,36.680768828776536,225,413939
2824,15983,12778,42,98.89492564522926,2720,112977
2825,35932,8917,13,78.51281883076072,4315,312933
2826,35798,4700,12,8.068718907603788,1551,346085
2827,23133,2497,21,87.36890447218347,1108,50552
2828,19939,9463,10,63.69702931346846,1313,331950
2829,5781,7922,20,89.16878225206901,3804,86979
2830,32624,5024,36,34.82925902589259,3230,189895
2831,11823,9125,28,46.98736761636016,796,81980
2832,23489,14018,24,89.72647867350273,2370,50860
2833,44961,11791,5,27.984740455454467,1615,50290
2834,34118,11421,37,91.63458674829612,1134,354561
2835,39881,3907,12,83.02147150228265,2940,129880
2836,21280,7231,35,98.07523615002005,1635,449086
2837,27263,8295,40,33.10150111461994,913,83397
2838,18565,11832,2,24.339564820473555,409,155311
2839,25354,9557,41,33.75582280752709,1111,328330
2840,47951,3293,45,95.51032980288478,1118,285319
2841,30643,7834,39,33.97425630924121,3511,165162
2842,28648,3411,42,56.95597017576657,3818,202088
2843,46971,8452,9,40.96424897606491,3910,381760
2844,23658,2915,22,40.22579430369631,2144,128508
2845,26253,750,47,20.144482378026463,1216,117296
2846,31390,5451,5,54.170874538961414,4823,192346
2847,28128,8598,12,85.09102124175348,1256,73304
2848,18489,12449,1,5.899016341833209,1088,258774
2849,43314,5789,44,89.03343277267874,2566,250006
2850,37658,8602,22,66.88182354859265,1928,408305
2851,11852,7757,38,62.057069976915386,2177,228770
2852,34450,13348,19,62.96412305947523,2445,257123
2853,7551,6065,16,30.330713759492472,1184,326849
2854,11411,6937,31,42.099305882960486,2605,217401
2855,38243,9610,3,80.12971058451724,4144,240808
2856,26800,1673,23,31.33172265669267,2451,365140
2857,15403,11895,42,47.532000747696976,3105,322751
2858,12239,9124,18,2.94359486737768,4535,234028
2859,11710,14894,26,73.62227694061515,2595,342150
2860,26384,13756,13,42.35251549118196,176,390698
2861,26038,1335,18,53.01051807888677,2662,256424
2862,45846,10938,3,12.354242463265106,1672,428340
2863,27447,2762,23,99.17970864995625,4287,463710
2864,7285,9589,3,30.944314871499753,4661,202309
2865,42991,12324,25,63.86397649804858,3770,253439
2866,18521,5067,27,58.54239814059208,3211,353107
2867,11971,4315,44,78.72412818857404,2837,473757
2868,34139,746,27,30.089858606574094,1452,53447
2869,24909,2929,39,75.83680715472649,1046,252192
2870,16531,9682,25,38.8676713378877,4749,77156
2871,19721,12002,24,41.70493561878856,3968,217631
2872,24206,9618,8,67.59854012219024,3237,202537
2873,42711,12130,9,78.64429140230641,3586,92120
2874,11530,5787,46,67.01979697593535,4287,394897
2875,16116,3107,37,90.08807253654405,1102,60190
2876,5258,9766,30,29.230743921496664,4563,113394
2877,5282,6430,19,90.16105647809299,919,317479
2878,18937,4522,16,13.95548906839449,522,235711
2879,6898,12491,24,66.29350158396808,671,206850
2880,9135,5284,44,55.21543448663758,3009,262213
2881,11629,7117,21,49.96895810114336,4630,461775
2882,48936,3651,36,31.78029085735565,1523,485557
2883,24584,12130,40,50.86954178551519,1733,332701
2884,28551,6080,39,17.01556228208562,1853,413236
2885,38380,7554,47,37.56277347695588,567,303220
2886,22071,8206,6,10.769410830903864,4987,486997
2887,25074,8119,5,57.61281337884564,3022,291745
2888,30188,13747,14,10.481020733763067,2403,271525
2889,7307,5073,45,16.874119746611402,1806,409218
2890,44901,3991,42,9.46121334726065,172,70575
2891,16205,1206,4,38.74975335525571,246,384992
2892,10906,7497,8,84.3538869874165,416,303947
2893,7591,5733,24,90.78274277174894,705,425360
2894,20149,11756,11,8.117056005401325,674,54616
2895,49918,9445,17,63.82046394530107,1277,245980
2896,44951,6255,21,68.75415703461526,3426,214835
2897,30150,7460,26,53.84322430077039,3522,345268
2898,36852,9279,43,67.03150128548505,2694,183662
2899,47870,1834,48,24.13538082886643,2982,211942
2900,6283,6088,44,49.474776970082594,411,59534
2901,38691,2347,45,39.69670905454702,2955,320065
2902,6125,7351,27,9.881087192523475,864,444907
2903,6529,12626,16,62.93008753252641,3095,354186
2904,31170,7711,26,50.02630407448308,3300,101209
2905,13438,8365,33,28.242228663355736,535,249512
2906,25095,12618,31,47.89484077993377,3451,290763
2907,21154,3817,48,77.7545038213528,4553,365747
2908,13004,12712,47,80.36411851799832,3077,94377
2909,14752,11847,6,65.30308674618755,3030,89705
2910,48360,12994,44,47.30703550661622,2399,146492
2911,31819,10890,8,57.999214281180954,234,199836
2912,41632,7311,7,39.1165217642061,4014,327927
2913,31515,664,34,13.529077956429585,4718,320659
2914,29217,7560,44,39.1764391412231,903,183142
2915,28172,10690,14,53.50294285089379,2807,394994
2916,37994,3557,16,60.28456745040782,2466,292122
2917,20036,10776,43,93.64429662940746,4275,194843
2918,16739,4928,9,77.95601105803101,3362,408920
2919,37220,902,10,16.047263583023053,1576,114206
2920,14587,9105,17,18.244038458639878,3515,292220
2921,49517,8736,12,10.948981164735649,2561,395508
2922,35129,6849,6,74.07999099487085,4042,160532
2923,5645,4657,19,70.90610557069385,2140,271586
2924,35930,11159,43,98.64992726799123,4563,168090
2925,21299,1367,41,52.68031834877052,1106,70936
2926,35090,14279,29,82.8150779560393,1092,403762
2927,26953,8710,6,58.06754600563597,4791,461121
2928,31475,864,25,87.53458454021627,1996,446314
2929,23888,7967,24,72.3810828909724,3165,77020
2930,48732,12524,25,64.64551748413405,2848,172043
2931,21087,7071,16,56.94714442732199,2761,494555
2932,14346,13928,16,72.5740819198545,3078,323129
2933,5587,1079,6,42.54573042443003,1923,189355
2934,17763,8174,37,10.561081489860747,3507,179100
2935,46945,9237,21,4.958626750986239,4606,169635
2936,9079,14517,4,48.42334942930822,4582,358467
2937,41116,6968,34,60.32986663979399,1848,87708
2938,25215,4650,28,8.806054026491918,2761,382442
2939,30817,13565,38,29.403451342298123,118,412201
2940,29765,3539,41,32.88118839157322,3458,55054
2941,35112,4637,28,56.71675798561687,375,259884
2942,30556,14108,17,28.56976314823612,4178,431724
2943,23099,12736,14,10.469211356044662,4854,121317
2944,48553,13018,7,17.320817353708463,3045,375448
2945,11450,952,22,18.220832358815127,4747,328615
2946,18230,12653,1,84.42679947805338,4874,264633
2947,34009,7037,29,29.147649010850856,4798,151266
2948,10433,14333,31,71.75448165756093,464,252021
2949,38866,1881,30,57.21603588759127,2073,437166
2950,44864,8654,15,97.72683660802775,894,254028
2951,23710,1967,18,28.009444219140022,689,220750
2952,16439,13939,35,16.67892903239082,4394,235397
2953,46855,3238,30,6.151745931761478,4413,338671
2954,21021,8072,34,24.85500656584677,840,355394
2955,11416,9908,42,68.72301775512386,4845,169917
2956,11980,7247,11,9.4405642390492,2294,324173
2957,23058,1380,27,25.225482669816195,769,91583
2958,16101,12506,24,85.67552845021719,1537,414205
2959,45718,3649,35,58.712341987087505,4860,415244
2960,37602,8776,39,7.882632485066351,955,118147
2961,14122,13841,8,5.720631280726565,2477,189425
2962,17576,8392,18,7.051164657250921,4133,93042
2963,32516,4644,13,94.24562996457801,1993,405269
2964,27433,1668,45,85.13727142754442,1286,222068
2965,6089,12856,24,84.6490641598587,1942,272029
2966,42346,3629,23,92.49745946211104,426,126604
2967,14127,4145,12,51.02028363484012,3326,105918
2968,15487,3026,49,25.48712244319106,2500,434369
2969,5155,11559,30,40.73345241961329,4378,301056
2970,6958,4016,31,72.16754321549728,4650,118882
2971,15693,3867,28,87.72725428060524,4201,86822
2972,44112,14489,22,44.07400174325291,4115,360904
2973,43547,7838,44,54.00271458282406,4406,54200
2974,33795,14386,28,93.24651633434907,150,97259
2975,26447,10886,13,11.64236507383348,1568,58527
2976,41598,4055,25,86.36762248043827,1109,322679
2977,46814,14657,44,16.771440742941657,4572,461160
2978,30215,5611,46,48.90227367877141,3657,483506
2979,14794,7252,7,22.623889737642898,1174,161477
2980,38209,945,45,60.691815438369815,253,250772
2981,27424,6864,6,56.29876874911834,681,324582
2982,42396,4126,24,38.62072905983444,887,376488
2983,11370,4516,19,86.4670479696673,4986,269712
2984,14528,4375,19,66.32151870851793,3481,170127
2985,33276,5997,36,72.39930737123242,2367,120388
2986,49333,12029,9,15.915314082559185,4358,302355
2987,13179,6738,48,88.43340211958615,1070,384393
2988,21843,761,36,17.536976198381822,747,373227
2989,28952,10540,38,23.05571145678606,1045,249791
2990,38160,5492,40,13.677458711191164,4884,343498
2991,49898,13882,29,44.59556158891274,1595,174365
2992,34516,4525,24,88.88321394347867,2147,260883
2993,15449,10958,48,25.992304441376096,1272,199865
2994,26125,14344,5,38.00158862187237,4318,480282
2995,12418,8783,42,84.76057558746678,4999,265526
2996,27746,4722,45,62.16371269613003,2986,121135
2997,7454,4675,26,75.41002297098142,4258,475987
2998,22761,14635,14,22.18600489417537,832,194512
2999,20223,12001,39,71.93249646992497,3187,323433
3000,11701,9674,29,23.533447285535477,3561,421488
3001,7597,3943,6,98.74408423885544,1757,161568
3002,5141,5511,7,56.428729456546996,578,361322
3003,7659,11225,37,69.86828654627055,1237,251769
3004,25980,1193,18,12.721756830008779,4053,116500
3005,14031,12812,23,25.814942024115382,1076,429928
3006,20037,8847,44,14.834325296871079,336,361367
3007,43429,12280,38,39.62690081190058,2623,481585
3008,11142,2312,1,29.12945055633445,4143,195256
3009,17109,14341,4,73.55930370342635,697,118483
3010,27010,14754,44,11.762188983186967,1802,289883
3011,13787,14521,47,75.45387747658646,2276,431322
3012,47864,13868,35,5.5247776392201615,2657,194228
3013,13472,6224,23,20.999765894916848,264,445627
3014,28383,12806,27,79.40453420449569,2424,327818
3015,9249,1907,26,74.53488746968159,3139,451524
3016,39518,8532,8,48.15628527796748,669,158707
3017,23351,9908,43,5.948288792677629,3428,118460
3018,9088,1910,16,61.37948042526063,240,50576
3019,20282,3997,41,41.26568629343574,785,195713
3020,24330,4872,3,32.33628686959901,786,270899
3021,47409,7894,32,64.40065304582689,3380,410408
3022,26778,13532,5,44.224841657970906,2863,363051
3023,29264,1051,20,10.149688944864685,3690,484355
3024,10075,12086,14,91.67909658072209,2138,134325
3025,15412,9868,32,78.07081684588452,1174,351795
3026,33365,13426,26,6.581440937764691,2325,238387
3027,12230,4832,47,52.98132314887886,1441,143435
3028,16002,1497,6,9.254378726964202,1789,458874
3029,18947,4576,36,83.89169604679002,3110,88907
3030,18686,14890,40,61.68838214414521,463,260792
3031,34304,6599,5,18.07246422373378,1167,113917
3032,18074,6055,13,3.053392937813876,2740,474963
3033,9493,11423,32,4.126520202495641,3849,308700
3034,39228,14944,16,51.22918173441814,2130,257101
3035,19140,12629,1,73.70297438900062,717,495356
3036,36655,4552,13,12.963204682061956,4554,104936
3037,48472,5803,11,22.907122525580796,3246,76178
3038,11816,8618,8,33.39873457178369,2082,442758
3039,16639,14179,25,22.58960142405415,293,149423
3040,34492,6602,40,39.74231970602871,4558,248822
3041,16240,14009,32,56.40188557074254,1219,58000
3042,37698,5990,24,68.80873807588961,4302,451281
3043,31957,9064,28,96.41374303851562,626,158407
3044,37808,6116,14,93.15352329863626,2052,182157
3045,10827,2748,45,57.44257050806254,4979,99325
3046,37762,1348,3,73.68085558917912,1882,424012
3047,13259,11248,36,95.13634825791736,2773,198694
3048,19849,14133,27,9.263722509599079,2497,176190
3049,21232,11014,20,1.557841226281485,3824,376046
3050,45572,6854,47,3.950176609228743,2689,316978
3051,29173,9195,15,56.77158687492342,3626,397877
3052,10374,8570,27,76.52050910495089,3949,62008
3053,26174,11881,45,37.34042012375843,1734,390642
3054,28567,9394,41,54.97867829803425,3109,97229
3055,40292,4125,28,52.12026553630515,193,302844
3056,14277,14877,25,10.382318267609937,3894,162892
3057,36600,814,42,32.837238158180845,3466,189084
3058,14885,2876,44,2.9240803630478966,3046,363269
3059,5778,9732,46,11.959863191844578,188,135702
3060,34165,4878,33,81.373964068068,2650,396308
3061,6492,11682,46,83.11193622758357,2914,190921
3062,35462,8949,14,80.3926856844619,1545,222444
3063,18615,1074,8,72.95504545427143,4721,63767
3064,49900,13361,48,79.53797179359027,1930,483205
3065,47946,13830,14,67.42725178568232,2841,483798
3066,12851,10244,1,67.31350054281258,654,487586
3067,21288,13210,16,67.068817951689,3864,95052
3068,12156,6085,18,51.89023617814221,2534,297142
3069,7044,5992,7,36.9713761130196,780,294886
3070,12368,9449,15,73.28933134999394,1731,149427
3071,24900,3310,24,30.565955345087417,302,226361
3072,35600,8634,49,54.74731101628431,4642,180591
3073,30634,9796,13,43.902206401570254,4018,464781
3074,14168,6170,9,28.38560543227641,3239,234236
3075,25961,8215,15,97.49430212479386,4973,412691
3076,49096,7067,35,26.616412874980128,2325,118125
3077,28852,13216,24,31.62001330857997,1786,362425
3078,38110,3959,33,16.997162674048756,928,291090
3079,37174,6617,16,82.47508190611477,4754,387429
3080,39215,4492,8,59.07235065489445,2122,251109
3081,31955,8337,29,61.69088639076618,202,73423
3082,11581,703,23,82.23557976811068,1657,134693
3083,49619,3275,45,34.94904620435806,4311,265777
3084,11317,11024,31,20.169709112641165,4187,401004
3085,47856,2492,40,20.642131035396492,2611,51706
3086,31649,2743,49,73.52936232476368,203,363897
3087,28132,8998,14,61.797400291782296,3538,405899
3088,21789,2187,30,21.4275489796268,2957,353478
3089,19567,4609,39,15.361474069401932,906,117148
3090,19868,2360,27,12.948043211035307,4755,263446
3091,29370,10653,47,63.152066122600736,2174,152601
3092,47533,5676,16,1.0117458461741506,626,277035
3093,35483,1222,6,2.8136149177508294,3536,362771
3094,17466,9471,33,39.56576042698343,397,65546
3095,33803,14021,44,69.44363656334008,4972,229807
3096,23230,9220,18,69.80889827324299,460,386725
3097,22862,5393,16,43.58170908716137,3817,206371
3098,48355,843,12,69.41628705385239,4699,93347
3099,36259,12478,20,52.588521778432415,2076,91221
3100,38539,12374,45,97.71621026293421,2177,221848
3101,26909,5898,40,17.083561169846472,3511,410347
3102,35795,8900,29,60.46605950285496,2273,65948
3103,13770,5236,30,49.632638819149356,4791,75118
3104,16093,3906,26,20.252168121111747,1689,304502
3105,5193,10003,22,75.24905278202864,1489,415873
3106,39775,10991,33,28.27529397326753,3614,176677
3107,22569,12028,39,38.789272090260624,362,67021
3108,16190,10639,47,38.10822638916547,3083,98215
3109,47752,1419,29,25.176242845606932,3019,313367
3110,37327,6319,22,43.63982783814211,1963,217182
3111,47070,2544,45,47.86124221183421,101,140162
3112,25389,918,13,74.67794560812145,2033,146453
3113,45197,2249,9,76.74178886332668,493,333670
3114,7261,11534,24,16.697040860874544,405,255464
3115,33369,7878,15,59.68445763342567,629,88829
3116,31512,14176,36,89.72358202966015,4723,101862
3117,11716,1599,13,11.769874279571521,3479,177048
3118,26259,3892,27,47.81849040887972,1064,463552
3119,33933,3272,44,75.28495911842593,4119,80796
3120,46689,11172,37,61.53764210385199,770,470383
3121,9378,14944,7,10.957980003065764,4168,66818
3122,45583,7284,8,40.264006409746266,2352,482108
3123,24835,2045,37,51.216710323469535,2772,336632
3124,34033,1570,41,99.58871456991102,1813,219024
3125,29000,7022,14,18.682183023041624,4144,396048
3126,15332,2350,12,98.25995294885114,4916,456439
3127,47604,13907,36,38.23882863871495,735,146931
3128,7800,5553,40,20.831728121308313,3599,211333
3129,34538,12890,17,41.996799130275605,4752,125520
3130,35119,3439,40,61.7855172794469,1217,118334
3131,13333,13957,29,22.13624199718859,2254,450819
3132,10410,10595,27,29.852469246910648,4323,423731
3133,22839,7694,1,85.60010367179369,137,127240
3134,35519,6351,34,99.90193670521792,1732,292696
3135,10808,7173,4,32.49909645834421,4393,84261
3136,11796,1178,24,15.736823591044088,3875,167367
3137,26180,14756,21,79.52391117941012,2154,327851
3138,48056,1488,33,60.44511304023938,4185,330153
3139,22709,13893,7,10.939713194184511,3503,240835
3140,22543,11167,1,94.73037666216608,618,364313
3141,42418,10299,41,8.726903311589307,2341,68231
3142,34075,11561,3,62.910283761730476,2463,53246
3143,42755,2002,44,42.969788333464564,1141,239954
3144,42465,2289,15,56.10576790575365,4815,341969
3145,35502,5781,31,22.1082053703543,1494,459141
3146,21724,5527,16,69.12292952581451,2969,51316
3147,8828,1925,10,96.01224922420063,3776,133870
3148,22087,13849,29,46.38416153044665,3821,146608
3149,17605,14766,6,52.772869479254496,3872,164911
3150,36337,7154,29,24.74135538631925,334,445242
3151,10482,2940,17,89.29493039135703,3240,248155
3152,32005,10734,22,97.14626610885587,546,327433
3153,27760,7356,24,78.84339162351938,4805,414226
3154,10463,7867,17,54.7345767138206,107,98886
3155,9912,9970,21,95.72288562635444,4657,115020
3156,9648,13990,11,16.231155481360403,1099,351423
3157,38623,3094,7,48.37059512962663,1434,418205
3158,40634,5189,42,54.22296496591489,233,135643
3159,49602,2936,39,49.6997255554853,2532,411971
3160,8112,6017,5,80.43941043069162,155,440233
3161,27054,12495,44,67.36988621062004,3285,470495
3162,9492,10897,48,13.539188125907907,1211,461572
3163,27207,9719,21,35.29867942696298,3279,243607
3164,20114,6810,18,34.56860799030175,1623,115200
3165,39285,4039,35,56.997587086499934,243,473259
3166,21018,13747,20,29.854383348131798,3016,292950
3167,26386,3983,15,12.60990518583715,2203,407646
3168,22740,7871,5,65.71458390005641,719,193867
3169,49199,2741,13,85.25265691496723,1986,132536
3170,13210,6878,12,93.22920145112647,2120,267507
3171,49363,3265,21,97.28526334828811,1508,268183
3172,17743,9865,37,78.33056777469238,3021,242585
3173,47092,11922,6,14.830540400898315,4834,465374
3174,49299,12042,7,85.45807059943573,3473,229702
3175,11588,5411,26,40.59604726486492,3576,69005
3176,8311,903,42,73.261220065444,936,160737
3177,27432,13680,48,53.595532491122746,4002,396157
3178,38755,11417,8,83.03200723122958,1685,305716
3179,8321,3882,9,43.12506755112917,4975,266168
3180,20812,4663,27,7.117587263262056,936,272316
3181,42383,8130,4,56.12554737736461,2657,221324
3182,18146,587,21,17.957764912099645,2959,95176
3183,18654,14836,31,96.58624560293934,4460,165754
3184,40820,9850,21,53.169343516723664,1497,277243
3185,5726,6316,40,55.80232058988879,3922,181777
3186,8760,5970,25,90.81930556866695,4497,363654
3187,27190,14975,39,62.83393926996631,3530,358437
3188,6875,6776,15,30.97020834178101,904,430366
3189,28377,6239,35,30.31336707442374,1175,439091
3190,9033,4773,49,50.656286340739165,4294,356564
3191,43211,11549,43,86.79421466398674,2740,463368
3192,22373,10073,41,79.67820473289157,3184,147391
3193,8744,7023,37,96.31131801962763,1513,109278
3194,29995,5503,42,8.11672616236816,4552,498346
3195,21977,8538,47,27.564280827469524,1763,110216
3196,37402,13373,28,8.940563073558874,3075,123699
3197,39542,7106,14,75.3568401963412,4206,312353
3198,15651,13777,4,14.94253522588798,4276,448050
3199,38703,13919,20,10.888745481763065,2153,474728
3200,18395,14957,34,56.6055485028562,2520,112485
3201,34808,2564,12,41.73698649979669,2628,495175
3202,41576,5815,33,71.79503253748425,4417,381642
3203,21715,11066,24,49.21452377832703,2040,456244
3204,49409,817,20,43.10812499810482,3252,305905
3205,29306,2002,5,43.12454442595012,2046,363686
3206,24086,6630,38,87.31576165948661,614,202975
3207,19376,7919,30,40.12733942152418,320,454933
3208,10889,2542,24,34.006315649193716,327,80545
3209,42822,5098,43,34.5149726252502,2437,295605
3210,41636,10714,40,20.46347888467414,4488,347356
3211,25584,618,7,86.20819620682495,3364,421223
3212,39610,1209,36,15.516450687730575,1055,353244
3213,15058,4057,38,90.95246304216093,1597,311056
3214,14101,12832,16,29.063304469189617,1380,177215
3215,17497,13101,15,90.04325539521083,2078,102016
3216,9658,3750,46,79.29124502464313,1629,299937
3217,16381,8561,23,58.61676457408551,4583,478591
3218,45312,9109,12,67.27753038794131,2762,201392
3219,45486,3103,29,33.258564991667846,2513,69301
3220,22154,12546,44,57.848632818438574,2805,232442
3221,24539,1601,48,29.94788717194301,3635,395861
3222,16777,4921,15,40.82500857515571,4384,321312
3223,39396,8357,29,76.70159296769523,1017,304531
3224,35373,12120,45,25.149323817211407,1301,118109
3225,38154,8677,43,84.04575556791623,2522,331117
3226,11031,14227,49,38.21240251283466,1721,310205
3227,32997,6582,21,53.68482612476191,859,479267
3228,11439,7158,15,94.25408826872446,4389,223831
3229,27785,2761,14,68.4443073885006,1588,267409
3230,18392,8521,42,64.91480717161811,4358,405203
3231,33669,12861,44,71.44916503289788,4471,149017
3232,33939,12326,16,91.89302253729558,4559,302980
3233,7282,14390,15,25.60285721292957,1765,201023
3234,39624,1008,42,61.7108793741345,2102,212377
3235,29364,2879,4,40.63899158398157,559,393259
3236,6998,11856,27,2.1736740278141484,3121,125406
3237,36705,9379,23,13.40478874420481,2390,265139
3238,43244,5252,29,33.174197631095254,1465,310224
3239,14428,14330,41,56.93499714700965,3301,321253
3240,42437,9984,9,88.26600289293089,4852,76842
3241,17336,5995,43,79.32029770194251,1483,453932
3242,14342,12597,43,55.780033569854275,2235,264798
3243,44832,11767,7,8.313171372839294,4937,491801
3244,12446,3709,42,29.304722749102883,3132,310117
3245,43392,7898,4,37.30415614133214,3809,147969
3246,12461,7243,5,62.55000133518041,1621,419199
3247,39587,6148,5,7.42743867500427,1723,96408
3248,15516,5671,11,53.48916189554686,781,158407
3249,18749,8390,41,90.24499303832602,3234,86530
3250,22514,824,28,70.83783687404288,3361,160047
3251,40426,13779,16,79.91060384971288,4796,371874
3252,41268,10685,41,68.48588918754827,3519,125623
3253,29950,12668,30,21.45232210508663,1967,127658
3254,39888,13504,4,11.937898186535845,3709,343042
3255,41788,11462,2,83.11957662748598,1299,376052
3256,15213,13064,46,69.8549391655373,2923,393521
3257,41027,11275,3,57.93109432282046,3048,403262
3258,33011,4057,21,19.739003631856352,4078,369536
3259,47849,4087,6,60.73115156586359,3725,387722
3260,39591,651,43,4.100856736993818,4678,76505
3261,22858,1454,18,12.765074305001985,268,138830
3262,23626,14294,44,31.877124830638028,2121,187245
3263,18467,4854,5,44.93008946370527,2294,134052
3264,44758,11063,9,12.935885086378034,538,319076
3265,8134,7660,20,12.874078201896044,3360,395589
3266,21743,13656,28,72.86347239777992,4355,211313
3267,20434,9883,26,57.402221246815074,2549,197784
3268,15233,1187,18,53.84045609698883,4781,79105
3269,6141,9001,19,45.791015016637445,963,157083
3270,23019,10194,3,97.67776752811183,239,80382
3271,25384,3627,9,5.9302280065433,4523,400036
3272,47903,7263,36,18.882090439996166,324,235592
3273,41129,13260,31,65.1032679827225,657,69589
3274,27967,12059,49,14.500199731272891,1673,220673
3275,45603,3895,17,59.34871286290821,485,432973
3276,16172,9505,23,57.20836132262692,620,139452
3277,21390,1345,34,97.12951318032455,4072,483891
3278,8267,1664,41,88.45526221785322,2934,215438
3279,44332,13454,41,94.6097810329778,3242,447067
3280,31167,6404,5,12.246634577923981,1933,273656
3281,26312,14231,15,86.94669528816469,4642,188654
3282,32840,10459,47,13.779975511102291,3261,290385
3283,23990,5860,3,63.66028567585491,3601,221663
3284,49179,854,19,72.28773790712222,4302,305360
3285,10906,2372,28,16.924496316779297,1599,448723
3286,45379,2524,3,63.63327821702443,3063,187006
3287,22297,3317,38,6.193588798287412,1577,91971
3288,7011,4332,4,30.03334248854019,1003,316803
3289,49014,12967,24,92.19469089947755,1731,316542
3290,16738,8757,31,18.001385127285047,4086,56242
3291,33797,13607,45,7.461729252582423,1270,471836
3292,16120,14159,45,44.92414176589048,2427,272513
3293,13767,12958,11,85.21120264419989,4219,454012
3294,27852,12782,37,8.590565814860707,1844,228217
3295,18703,11213,1,36.198001157810445,2139,180014
3296,5929,3081,9,90.07770862137329,219,285987
3297,16951,10082,17,12.697399444500977,3957,228615
3298,31039,9822,1,31.756182085282713,1775,244886
3299,34504,2986,3,78.06364054203468,1420,286088
3300,22438,9526,47,54.77788772674163,1115,101175
3301,10744,8918,26,83.40098092272473,4643,218347
3302,23284,12207,31,12.047943911831041,1843,63937
3303,47417,13229,26,92.13486296659255,2042,200641
3304,44748,2943,23,93.55626765700566,3641,243019
3305,12069,9419,30,16.37598899452393,1546,324487
3306,47359,14392,10,4.353670976268255,3716,369019
3307,24799,14919,8,98.99429681360131,3994,96803
3308,38210,12378,44,48.74290763794002,1824,372081
3309,33226,12314,25,57.635464999507704,2372,127069
3310,9652,1536,22,61.97456863299105,4162,492563
3311,29323,10524,15,79.17717781526977,4381,474348
3312,47138,14636,41,81.38680893554587,171,474572
3313,12597,11432,10,20.198597207657613,4269,65438
3314,42226,9184,20,24.42703732271913,2300,207438
3315,11591,7935,41,87.80646986569083,2243,391648
3316,30833,2048,47,82.13224287030806,3857,329634
3317,16826,9835,23,62.14431877384158,3281,200245
3318,31417,5565,1,99.47521675336013,1581,191448
3319,23693,6996,2,73.78321041158104,2975,267776
3320,19138,6683,19,22.36784004489464,4960,378398
3321,7169,4457,14,84.81776236893515,4179,417524
3322,23556,3907,8,42.05853100064386,1196,86763
3323,27052,1139,38,4.57911339358763,4407,377985
3324,11313,672,12,32.820706503355396,823,353491
3325,13315,6166,26,76.59157217187915,3339,91684
3326,13036,4854,27,96.06041451146085,2478,80711
3327,36778,4459,29,28.33750521401619,4946,326321
3328,32734,9208,15,25.40511611656179,3314,227042
3329,28173,9214,46,56.79804197423171,2971,205642
3330,35403,10609,1,81.35670606658223,4589,478580
3331,5785,3386,43,74.90604253393371,4707,228681
3332,11139,2664,28,56.435931353718836,4881,462035
3333,11344,10621,3,63.50757847983337,4019,437364
3334,23800,4445,18,24.967796775308056,1820,81391
3335,30372,5735,34,43.82485223533171,3499,65788
3336,25538,10901,32,26.28119702550969,1957,101055
3337,19973,8246,29,88.55737950961912,2865,164187
3338,10619,12475,25,12.142896229186059,2496,430215
3339,39704,3090,26,68.2943152277807,3864,466781
3340,41575,8254,39,26.768036519337322,4121,180101
3341,44919,5434,8,48.08216356212817,3986,398606
3342,47261,4576,19,30.641865244416643,2662,243277
3343,32716,5685,47,33.0012863888877,2546,63376
3344,8236,1593,42,26.778908347491175,3767,202947
3345,20848,4380,22,75.52649919834842,2361,359750
3346,7352,11186,29,37.20586986072566,3717,390537
3347,6932,7059,33,72.90934475369419,1412,304047
3348,15913,11271,38,46.15092308029726,1964,375140
3349,13556,11180,45,55.17735816792844,2405,313427
3350,26300,3285,46,54.785460095635244,1907,130456
3351,10498,6565,35,97.60935585501528,2841,115783
3352,15582,7039,43,37.33918311538417,3436,408526
3353,14569,11450,3,21.56072544436216,1097,384322
3354,9857,2074,19,91.26740209629361,2419,329509
3355,5340,6176,10,18.30908964224175,3307,424399
3356,48949,11065,27,83.60786173859012,698,199021
3357,21766,8560,15,15.871274651225653,1183,428973
3358,31132,4490,11,66.21370908851323,3681,214575
3359,13491,5710,47,15.90354051318907,3186,438411
3360,5138,5345,26,92.38549610470352,2402,388531
3361,5358,9785,24,56.93581998263029,2884,129942
3362,14714,1689,13,33.59811007486867,821,196000
3363,24840,3189,32,14.891954721395896,1254,197904
3364,39395,4595,37,37.7480313784534,116,450750
3365,35654,2375,4,70.79698345201236,1091,445051
3366,30879,8268,13,39.110137508926165,2332,382395
3367,20996,3906,9,25.36331947344896,3562,214453
3368,42772,10479,49,58.163535381087904,1546,305385
3369,31762,4432,34,42.36436343087484,1565,104780
3370,18283,10299,37,17.41481736699894,3867,116412
3371,44420,12440,48,16.244811037468224,3727,290143
3372,24554,8740,7,71.03873703196362,3183,190397
3373,25219,13863,1,97.49251765610938,1643,472662
3374,39919,5908,12,24.07631301534358,179,148975
3375,14429,4361,21,77.54171148231751,3387,179788
3376,49695,14437,11,9.673063542596054,1371,311208
3377,44673,7906,44,38.77601598616599,1664,303199
3378,24218,10872,44,51.16212712801744,1813,372806
3379,17452,11738,44,27.60594758368706,1109,410808
3380,23951,3333,14,53.428263234910794,872,130249
3381,6307,5785,34,88.37882833872159,582,106525
3382,19852,10089,34,94.49935827314435,2492,453800
3383,30232,14616,25,10.955138482931897,3279,447117
3384,40428,8145,4,27.91274746443603,1681,297543
3385,48171,12518,26,97.93425783425477,2621,163094
3386,31485,13266,16,27.771422629822123,1205,368347
3387,15238,9523,10,69.57802776320067,3809,263058
3388,43975,11389,45,26.0919156931661,3461,137597
3389,6140,14402,2,36.280193738782785,4370,314234
3390,29842,5277,35,19.936619801792848,941,470068
3391,31421,3235,19,85.77371917601737,3634,334598
3392,6708,14111,6,88.3822276181309,1972,105084
3393,8630,8773,19,30.394338283627725,3605,304185
3394,24595,8778,8,82.53539259289236,3420,239638
3395,15485,6868,14,36.465923353661424,2828,147103
3396,33308,10755,10,10.802922866620673,1054,214895
3397,49789,1321,3,76.04956333191527,1695,475223
3398,31086,8025,38,60.048178640985626,2388,416704
3399,21859,662,29,28.163861923404287,4535,457357
3400,12684,8277,15,26.046974310672855,843,62746
3401,30552,12431,23,97.58671367774981,1594,315491
3402,6207,11089,23,86.38760304841604,3446,452577
3403,6960,2432,18,81.17003460800271,4210,161972
3404,5557,11420,46,13.673753155524896,2088,316245
3405,34689,4035,19,75.76354015057778,307,417955
3406,18893,14638,28,22.239481899125366,1183,98095
3407,37272,6456,26,97.76150537761583,2512,484669
3408,5882,3946,10,6.1568296082635126,3411,151483
3409,42529,13903,47,35.86170987246411,4110,475884
3410,43635,3290,4,43.4361362370928,496,291411
3411,34535,3207,2,82.59608824466319,2057,170902
3412,17869,8459,3,76.85605898240057,4989,276218
3413,12166,14670,7,38.12422234971237,308,329891
3414,17982,4433,16,56.99046905234604,532,196081
3415,45697,3885,31,83.72392119716531,2756,401331
3416,43115,7136,10,2.8017596229542185,2536,444272
3417,12269,1422,19,80.41563185292274,4778,476126
3418,33064,8589,28,94.74270650886217,4627,258115
3419,18527,10867,17,4.174387626932945,4546,202287
3420,7454,14237,28,5.512517720740076,233,273957
3421,25878,10274,19,35.106886551035984,738,80375
3422,17991,1064,37,9.689186812999779,1328,453292
3423,7808,3758,23,48.448331949094936,3469,298024
3424,44410,11289,20,73.14235782388809,4312,428756
3425,41593,3000,13,57.123024268149955,4119,422685
3426,41304,5066,13,20.446758998201293,1390,216321
3427,35386,9679,43,65.82631870300541,2296,256690
3428,8802,7381,11,68.80059343871267,1803,90664
3429,33753,4136,48,93.31214961281646,2326,88779
3430,26083,6530,15,15.532892840327856,2295,371456
3431,23354,723,17,69.54128032606262,4660,229170
3432,27190,6797,28,91.2312946664616,1075,61414
3433,11142,850,19,50.65485117874279,1128,217990
3434,33398,7814,4,36.81816830644258,625,459092
3435,46862,2428,22,17.904199927894666,2427,305423
3436,38132,8243,22,86.811901762486,2646,173938
3437,24503,9040,37,40.03039110921885,935,253612
3438,39631,12969,39,92.56336188350154,2583,321342
3439,21499,5232,34,84.92807151494684,2963,143302
3440,44852,1517,33,38.287345327922374,2834,149524
3441,13016,2726,44,57.81751658567999,1638,218501
3442,7384,7706,42,3.6902295930982243,2010,415314
3443,20072,13559,40,27.058918883846335,4149,248405
3444,41703,7670,33,71.31701200835572,2742,259773
3445,19482,13803,12,68.11318363878041,1403,265863
3446,45510,6707,2,35.983576494633354,231,435537
3447,26826,12816,28,81.05219515903619,492,428449
3448,7490,2919,10,24.34776913808724,4676,286381
3449,30518,6740,22,46.66578278207489,3684,308469
3450,29045,2393,17,47.780532895779174,2775,170759
3451,31910,14253,26,34.74086011813169,2566,120148
3452,29566,5822,3,95.51194401139156,1325,496125
3453,38905,11732,7,69.97171931799504,2805,494400
3454,32103,10760,44,54.38073419740286,561,158169
3455,41188,8218,8,51.540994245476206,1901,81528
3456,10845,7378,20,16.770313154638558,3373,453499
3457,26162,1625,12,37.84650280974173,4085,448169
3458,41674,3617,35,67.60455815818163,251,175728
3459,24337,4661,17,92.53245174898663,2369,136234
3460,27313,4542,28,81.82994187979202,4274,234887
3461,31943,13922,41,30.738590592037145,1885,371265
3462,17413,4933,10,43.9617059433034,3560,220891
3463,5276,10862,22,9.208834550566662,1936,291921
3464,22611,14516,38,11.115059980522496,1497,334160
3465,44105,9138,33,47.5528083128728,1175,456464
3466,16944,3158,22,53.49172127489291,4606,170184
3467,20906,12054,44,27.138682473994482,2108,460492
3468,25536,11410,37,64.63548622940819,1593,146544
3469,32810,3983,13,70.63468787243364,1235,278821
3470,17306,3444,27,30.612497029583814,1648,198427
3471,15503,13068,15,76.08404784504664,884,229348
3472,24225,7710,22,21.354886984874202,1520,370595
3473,41976,8153,30,54.880886350281806,4938,71529
3474,16590,9287,43,80.62382826265515,2535,217086
3475,15886,2486,40,54.16389948257298,3581,170542
3476,17866,11442,37,90.888309133584,3751,332240
3477,6088,1574,34,6.791622054588946,2163,145653
3478,8363,12661,44,59.24307070365571,2120,489949
3479,37792,4805,34,56.61378980189462,4857,53417
3480,14764,12913,48,66.37497952572579,2249,121981
3481,25620,13279,35,83.50727702935046,1050,120953
3482,47727,12272,42,72.8594553495011,124,65494
3483,17935,3507,19,79.23799080191134,117,423814
3484,13068,1469,8,29.59285584604453,3925,430983
3485,12295,9272,39,39.36224047832749,669,456518
3486,46160,3324,33,63.0509204305768,1455,105669
3487,16390,12693,44,55.792685720568585,1692,479643
3488,46216,1711,28,96.14928362208312,930,370407
3489,25131,729,37,19.496615493507516,3182,352418
3490,34218,4784,48,35.776558872663024,971,431384
3491,15433,14845,25,57.702768095200625,934,472019
3492,20038,3685,36,86.92841322367904,3412,210236
3493,33182,1001,17,93.00550394440818,3216,88441
3494,16528,10824,24,34.26759675193225,1069,113327
3495,26281,548,21,7.643737691108812,692,412605
3496,13605,4066,2,42.740350094296325,354,296341
3497,39782,3555,31,40.0400701801172,2214,149099
3498,6381,9380,44,98.66221972503926,3065,126925
3499,6098,886,33,43.67506318478815,2761,363179
3500,24810,1469,30,31.266576931019713,702,422007
3501,29322,12152,12,37.17236007895847,1165,325634
3502,46869,9697,44,40.29570178175757,1939,56044
3503,37955,6320,12,82.33249783746498,2531,484985
3504,49716,14792,49,9.020474390295153,1065,339653
3505,15207,3552,24,32.334197838627645,1837,77844
3506,26793,12109,24,96.66553069880287,584,374356
3507,7092,7897,11,16.157147975081195,4234,464820
3508,33220,2802,13,74.5175308317264,110,470776
3509,23514,2783,27,36.28295661863075,4819,182278
3510,43010,10299,8,58.596767093258016,4604,426731
3511,13549,14577,10,10.855255812379323,2127,390776
3512,27031,4866,8,31.334755068040707,3464,210622
3513,10185,622,20,50.58562922442793,3187,102232
3514,20271,7299,8,23.93836515940998,3138,347372
3515,10776,9972,9,54.64512436226207,704,305693
3516,17449,4227,7,22.756172092208914,1068,135925
3517,29297,14232,14,65.35995471240483,4360,349837
3518,45591,8950,28,90.5310796847811,536,134533
3519,20717,9639,2,9.46337509780557,2874,412163
3520,45123,14882,43,22.44498754183255,1909,293815
3521,44233,5458,8,84.59787969877266,2869,137165
3522,15350,1024,13,63.5237950587538,1929,84337
3523,35622,9579,21,8.792182797113957,392,67060
3524,40323,8899,47,49.14866139584004,4051,292608
3525,7951,12074,28,21.766092986122167,561,486009
3526,22622,11486,35,20.710543012936903,3984,261213
3527,9727,648,23,94.12388899269185,3333,216353
3528,43454,8501,46,76.39261325953478,2191,222832
3529,41469,937,15,69.92682875889022,4036,98993
3530,40548,10894,2,24.653952890708005,3039,129459
3531,28782,4249,12,12.738769871054096,4906,478015
3532,33454,11853,36,87.21242950724967,188,493876
3533,7368,14509,3,1.582077364902642,1763,419750
3534,20592,12593,5,39.42154594640094,3401,427744
3535,27173,8686,3,28.483637793172022,2820,317466
3536,38204,4953,47,57.46724383453354,3037,280431
3537,40596,11937,19,25.800335152697638,521,303390
3538,39324,5836,2,31.809330573502486,3849,220947
3539,28864,14718,44,85.15394564432616,4533,88438
3540,35750,5051,37,60.715693517047356,365,226221
3541,15576,3323,17,15.42257020560747,2950,129369
3542,21566,6228,14,72.92068280608733,1478,330278
3543,12190,13416,28,21.53846094650796,1914,319719
3544,28071,11962,27,43.86748808113553,2364,126899
3545,43333,9177,10,65.01411644709005,4516,400451
3546,20369,8891,3,27.92102420829124,949,144265
3547,29035,13158,36,39.02657465290343,4914,216852
3548,6589,13801,38,73.68081013311094,3836,331956
3549,30235,2482,25,93.85318438901,1091,94522
3550,5159,7496,22,53.39526063898783,3864,138383
3551,17145,10163,48,1.9871261841056516,1908,337076
3552,20373,13035,39,34.507911372941216,3374,302020
3553,36921,13575,47,40.46479914970791,816,268247
3554,44323,2811,30,34.57818838022216,995,98966
3555,21237,7725,21,44.19061725044071,1276,95580
3556,46971,12065,30,63.63395912802157,3853,292788
3557,13244,10770,28,12.991674672777563,1876,237771
3558,19743,10213,31,27.990420377883044,2904,221162
3559,36566,14060,26,51.25716051574483,3492,420257
3560,23691,1104,43,32.24175750981753,1559,338343
3561,38996,8675,22,99.11744847540058,2643,153528
3562,10590,12540,21,43.711715236711335,4737,194909
3563,10585,12034,1,87.11011620562941,4830,225231
3564,14227,6285,37,89.75447372577258,3653,62688
3565,33278,10109,13,83.76469297251265,1449,453003
3566,43814,14608,21,5.642925853571613,3086,477973
3567,17237,5097,46,94.8269264297218,3430,306738
3568,20649,8259,9,13.745513651184515,4893,140640
3569,42713,12567,17,4.405959143715156,2222,249212
3570,12927,8032,47,42.022591182749196,3728,110539
3571,12016,11625,21,20.26876924302775,597,298167
3572,19027,9240,31,19.23545643666038,3587,181135
3573,29142,14153,39,29.494141724238908,821,389832
3574,28545,1338,22,25.59215491943863,1463,134732
3575,36897,14218,12,68.79474481286516,407,486997
3576,8167,14236,6,19.490953356970937,2851,283403
3577,49757,4315,16,54.7687122145286,983,196031
3578,31917,1347,26,98.65622806820944,1364,279477
3579,27736,5209,5,43.8058596746726,4448,212352
3580,32990,5007,9,64.54543777074821,2544,487474
3581,19087,7075,46,96.9677960952575,3133,307046
3582,27440,5273,40,14.626260806095061,1152,208539
3583,40205,12946,14,42.44209392001189,593,459272
3584,20275,14849,44,85.16904761933016,2121,53135
3585,10276,4968,42,93.2982625917431,1847,329708
3586,46627,10964,30,60.522369737931605,3402,375402
3587,45586,5692,26,15.198639651482114,2379,153813
3588,42496,3820,45,90.24568681081784,1031,339606
3589,24008,11250,29,18.270210052903312,2025,106682
3590,10738,5198,19,35.93490698487974,856,52728
3591,37402,4811,47,38.175289798463915,1154,188703
3592,10793,10688,8,45.281862447390175,4030,454100
3593,42291,4173,23,79.22641577716401,4651,337118
3594,10571,2064,42,80.41229343214597,4454,427236
3595,36331,12710,35,72.2458522545333,4626,413321
3596,21209,2340,31,3.19073876773658,3553,425939
3597,30394,6558,35,56.919665119498006,2616,479252
3598,48148,7631,32,75.0018026322586,2064,134614
3599,30682,11983,5,45.017898766092735,746,191346
3600,7224,11579,16,94.54866849117425,4642,462067
3601,46157,1226,17,82.55724166615475,2930,373960
3602,49452,9936,32,64.17735148319625,294,98526
3603,48408,12152,38,7.180093184568824,1245,103467
3604,37441,7197,32,65.58227851073067,2609,428753
3605,46430,12410,20,91.24638052396968,4391,269832
3606,44129,9757,48,38.56509330121419,2183,436564
3607,39716,13463,2,83.97512003493074,4840,391574
3608,49859,782,20,32.002953143355725,3452,76965
3609,31586,1581,47,57.440225863182974,421,211630
3610,49760,4385,18,65.19401741870745,2387,109807
3611,28478,3381,1,68.12150871833059,3231,303383
3612,11318,11276,29,88.37238213197047,4845,364664
3613,33694,14696,29,24.227604433621927,1802,487161
3614,25180,3470,19,26.974588943608495,2312,238096
3615,17180,9844,44,70.70005833776294,930,180030
3616,38002,7485,40,18.54218743591977,288,148983
3617,20372,12189,6,46.96277009143207,4152,172194
3618,34796,1447,44,2.9834040236442987,191,132667
3619,29427,5260,39,14.956954362021298,3977,460921
3620,38290,10409,46,68.20579211785729,2011,238151
3621,33099,13936,8,74.99869874469364,2436,496116
3622,14821,566,24,12.416584290549807,1680,179335
3623,10832,14841,20,23.543245490708504,1508,491926
3624,17820,9328,14,10.79154020716806,274,95110
3625,21211,9005,5,43.90787154858656,573,443176
3626,44890,12089,41,13.485491003718694,3532,316933
3627,10842,1064,40,44.29230569952212,369,312677
3628,6316,10293,34,73.47772732431203,2144,363114
3629,22508,9517,16,68.65547468119833,3295,78776
3630,27005,13893,45,28.765588198332676,793,491518
3631,20206,4170,7,67.70249237544631,4571,330869
3632,23971,9717,16,92.84350095905812,1515,114367
3633,30599,2751,7,35.404914321406636,2183,384374
3634,27056,13449,27,33.58279621606305,1335,120542
3635,6378,1304,14,57.57242649671973,4067,142534
3636,6519,11143,14,25.304679291719708,2071,414993
3637,27161,5131,44,65.50631387004495,233,485644
3638,45703,10083,33,83.39391529657561,3012,302987
3639,43861,1735,33,46.472532004764574,4885,145623
3640,10355,7220,44,68.27122516790986,940,153211
3641,14083,12724,20,65.53665696441654,1561,270970
3642,43342,11972,47,4.827890622911362,3572,316629
3643,25456,7406,36,19.158213222401862,4943,116771
3644,18324,6516,7,89.45947017999487,2975,224746
3645,7257,14952,32,93.95032258913692,2609,289276
3646,32364,13415,48,78.26352435120656,1065,147519
3647,29972,13536,3,92.20356668444177,2138,277024
3648,31654,4049,39,31.308716440938905,4340,378825
3649,20233,12892,29,25.523386206125654,1950,467020
3650,20887,8438,24,39.04571856849148,834,228316
3651,34320,4641,22,6.478857856494832,2553,313619
3652,25808,7466,6,81.17729028509144,3116,176803
3653,35154,10046,48,98.43337302639264,3102,102073
3654,39773,5835,24,82.57889995122437,2415,60047
3655,32747,5577,40,55.94255815040226,4103,438248
3656,15860,13747,23,30.23291507781203,2413,408101
3657,47838,6111,38,20.572090965814482,4723,405635
3658,47156,10528,10,37.04222430786934,3263,137599
3659,23156,8589,16,67.02998342527242,3419,98444
3660,25360,3392,11,45.25909399854154,3561,237920
3661,23135,11188,32,93.47192218836412,529,202871
3662,30351,11275,45,85.56781395360751,3088,399002
3663,35499,11250,6,11.137660980326997,3896,245928
3664,28554,6077,24,14.020997164685287,1696,261540
3665,24604,4118,33,67.94767934471098,3462,424041
3666,21923,2059,12,23.846070608055076,2450,487455
3667,13547,7183,27,79.31195782416337,1879,415495
3668,49283,2007,38,59.544456090308955,4088,107895
3669,38002,12763,18,23.75322224560165,2548,420644
3670,19562,2563,45,48.389992950578524,2970,484159
3671,12480,4142,39,41.2015529443363,3010,112559
3672,31672,2500,13,87.44277655975107,4713,467219
3673,9213,14761,40,4.184085022727977,4360,203573
3674,15293,13699,30,89.6885451562122,2172,343236
3675,39441,1794,49,65.5561856050946,3907,261591
3676,7100,4565,41,74.0162805672895,4324,341912
3677,49617,14590,13,1.2581388758707397,2964,346748
3678,33172,11444,34,63.19570396968601,3718,399968
3679,25132,8514,36,59.260130207391576,1117,358904
3680,23199,10445,30,54.183350082243685,4790,56476
3681,41609,12902,25,78.80081881388261,1432,441560
3682,47965,2103,2,56.03123854325402,2583,295445
3683,13016,1822,36,85.8526217664259,281,148138
3684,44779,6456,18,24.0305171545542,4939,303033
3685,42261,2941,5,80.79227630819828,1938,157620
3686,36881,1598,19,18.751964509655767,2551,166070
3687,22058,5573,42,81.49866140492901,2052,125498
3688,29472,10197,18,94.1058883640282,4800,78439
3689,46346,9818,32,34.23372008872802,362,53400
3690,39926,8988,21,53.458745084038696,760,139976
3691,39832,11741,10,66.17457326939162,1415,293305
3692,41021,10917,37,8.867694919594967,3019,441562
3693,29087,13850,49,49.9139911022079,2294,74610
3694,17828,13046,22,36.69791268223643,2172,101356
3695,36128,4287,13,87.3731074938795,2119,210647
3696,6401,14842,17,87.7912723521243,2840,331872
3697,24643,2596,9,70.37717441517644,915,167702
3698,20193,12301,24,65.91672298465733,4877,341211
3699,31853,2708,44,73.63515746830983,3518,357406
3700,49864,6488,14,37.2327031992779,4197,313772
3701,25307,675,46,41.04740542831192,3817,417212
3702,41982,7669,8,55.81676756598183,4834,125057
3703,24611,13788,37,93.86478460908228,3729,154049
3704,48791,6514,19,72.67598753783669,2853,468596
3705,16950,11194,28,55.54793520512611,3467,109853
3706,15704,12691,46,77.27088847477474,4785,472139
3707,48111,2167,41,37.71814091160408,301,346202
3708,16867,13063,30,73.3162034132927,1104,368306
3709,7745,11237,7,41.65694857998733,1412,406560
3710,8866,9367,26,28.686479294483625,2125,246150
3711,37245,2323,40,61.36268070470695,3233,200042
3712,49724,5647,46,69.00087840536827,3673,351035
3713,10818,1856,46,46.47006255677686,4321,186002
3714,35116,3572,11,56.98457240419465,3771,478534
3715,20493,3759,14,69.71254141073973,1896,362251
3716,33038,6699,21,77.00329510419344,4374,374097
3717,25447,1046,8,89.66157642922454,1704,288147
3718,35431,5731,3,36.099876420168485,2002,420577
3719,22908,8465,28,95.19624803240676,4099,99108
3720,34336,2583,29,64.09070120218567,4688,82574
3721,45992,2540,23,78.98248638719583,3604,297757
3722,9025,5034,18,70.2771353046624,2719,155287
3723,25093,2252,35,21.351600809492254,2449,453073
3724,11155,10307,13,8.072399917874003,4464,466729
3725,38487,2349,12,72.9023599377939,4819,150434
3726,25963,3142,47,51.59421411166307,2772,73593
3727,25936,2100,5,70.51912347242414,918,400363
3728,9426,12088,39,48.207437587630515,2777,414188
3729,28303,14451,11,31.911217521233898,647,462100
3730,32606,4902,11,29.21677301669726,4532,371130
3731,33151,12297,47,73.32268095612943,458,303211
3732,18767,4299,42,28.401228065111695,3461,186379
3733,16308,1118,47,71.75301022161666,2024,325048
3734,49245,1632,31,39.01205250542047,4555,417215
3735,29770,5991,31,77.31894202756145,4542,406858
3736,33572,14167,13,15.138182652484291,4747,456798
3737,46448,6295,14,21.293014377230207,2801,370109
3738,7204,10807,49,68.90524896629618,2030,413592
3739,32233,11031,45,56.462880899628,521,289519
3740,26729,11431,42,21.18395591953832,435,289027
3741,36131,12968,25,90.37987416095534,1626,189097
3742,38870,8133,33,28.31847059385198,156,230516
3743,43011,1987,33,42.68606842116975,4050,222686
3744,44382,8348,15,21.026506245381256,3247,487160
3745,46475,5509,16,39.41473421580991,3637,242259
3746,26607,10249,44,49.673028261035945,821,134724
3747,29968,2613,38,30.22945839677899,4177,57604
3748,38398,1544,6,77.14027364645186,485,286515
3749,16908,14423,44,39.999364885978466,2917,470506
3750,31423,2931,25,73.22148999591793,2987,252811
3751,48615,8479,15,21.500145363634093,2819,231845
3752,14171,14426,4,38.32651418252469,359,320015
3753,17721,2082,4,1.7977706006579819,4588,261270
3754,21616,14874,30,76.10512080745747,699,152318
3755,47512,1808,34,62.96277778871793,3355,126981
3756,43458,5417,27,81.96450916712516,1139,388718
3757,12659,9293,31,46.105468022168616,4148,161376
3758,48369,2120,32,80.17432372757108,855,423502
3759,16704,13572,44,65.11067188282686,3677,184577
3760,37793,8003,39,1.357680320889628,3257,484694
3761,36226,13999,9,26.115735213762683,2858,134605
3762,28852,5266,41,49.895243868418554,576,457634
3763,37082,5862,8,62.25004762148515,1699,328555
3764,27794,5692,14,7.4934956017990775,2459,410713
3765,46420,7122,33,70.80291289019539,1361,321642
3766,18379,6593,23,54.810073667078726,1682,294108
3767,12006,7204,21,53.05215137501028,2938,368401
3768,13682,600,12,29.912510251693597,4925,237130
3769,38840,7157,2,59.88748684956711,3670,136995
3770,37430,6375,13,3.7217960735456908,1598,465419
3771,28091,4771,4,7.405332719894861,848,143566
3772,37983,737,20,73.65313863407131,4911,165498
3773,28989,7726,48,32.86724291086243,2486,136596
3774,14915,8532,14,35.3497404868239,630,266382
3775,47552,5718,30,21.63013512238873,4887,359061
3776,23990,4525,29,45.11644851789328,2309,291856
3777,29734,11610,8,6.14734970971873,4163,175154
3778,19824,6573,12,30.735959133540252,3968,333074
3779,41081,3042,41,53.18526825599206,1208,129029
3780,16033,10695,38,47.09756023435457,589,325782
3781,47736,2037,26,99.96729466918035,104,317868
3782,21241,1254,2,39.487700559574094,175,115738
3783,10939,12060,40,39.31290686617658,2828,148705
3784,40063,10950,14,50.85459596403157,572,183099
3785,39464,13934,6,19.84000791685175,3309,195879
3786,16185,7896,42,87.75413787295663,1481,143962
3787,32045,12357,40,57.654511097580404,937,113109
3788,49769,8323,31,20.01865628074282,702,91849
3789,24167,6007,17,79.5507175458411,1286,312322
3790,41412,4735,25,4.3988849431424715,1581,55817
3791,26625,1040,32,98.2738558579573,3372,122721
3792,44188,6010,12,86.64978414236576,331,306462
3793,32076,8961,49,58.38430609786796,427,175762
3794,49605,8426,13,12.018270612949582,1049,53984
3795,24029,5631,19,22.312004555677472,1986,376240
3796,27973,14678,44,28.66408186104275,4195,399085
3797,44121,12152,48,24.86214205245749,2397,399576
3798,36433,12100,25,50.25448103489113,1407,282359
3799,48309,9197,31,94.51147665644763,297,457851
3800,6932,1629,37,44.973085892013245,4611,255150
3801,49254,10771,25,66.49489224916714,2879,159914
3802,6757,3645,16,69.1697373919035,3436,474558
3803,35722,11934,38,87.28649180019379,1438,366824
3804,42853,14660,43,4.348307469580407,1791,160326
3805,43405,13880,49,41.02867587540668,315,441238
3806,6116,13600,23,78.68877629452383,1749,57988
3807,48527,9053,14,81.67183448157918,2962,82070
3808,16691,4220,6,92.80592890222711,709,147491
3809,5492,10148,25,70.57664162198223,2658,390276
3810,32882,13716,23,25.270240664369606,1017,73659
3811,13811,4567,43,51.06090856535344,4352,125952
3812,32808,4695,12,4.2021835039708595,261,308474
3813,29272,10373,13,65.04590576872644,4237,462387
3814,33399,14844,36,55.87522593936691,2911,365922
3815,11474,9744,39,67.01679179536802,3521,148113
3816,31956,7781,34,93.08391478537196,4315,498929
3817,47506,3009,6,69.04038456032272,1198,291911
3818,18979,5516,38,32.72454310710136,2821,72736
3819,49523,7033,40,20.67492972314552,2808,251416
3820,47565,5227,8,85.60898447504682,222,369925
3821,33328,1181,8,20.238882184102298,2800,416336
3822,17867,14992,40,16.999348478941027,3353,252345
3823,30851,4432,33,21.454595987416607,3161,246571
3824,36279,10821,34,51.37524396492017,4061,347270
3825,35527,13541,44,13.294556872786227,888,176734
3826,12866,6060,15,93.87371472907353,356,304334
3827,20449,4516,36,96.65911701676887,4125,341796
3828,15685,7839,35,97.40638347501688,3754,55390
3829,28544,11994,46,4.873355677152261,3351,398280
3830,10451,1219,22,94.67355512152314,3689,115942
3831,26642,574,23,99.74407832912509,4875,103492
3832,46316,9985,40,94.30048182520322,707,410444
3833,44954,10614,45,67.4229516705079,4526,492433
3834,43870,4657,22,70.42178508844158,4027,241405
3835,36030,13661,5,13.103041047471317,2252,410675
3836,35873,9011,31,87.55541063042129,646,423617
3837,5619,2649,13,6.904318878248379,4988,134104
3838,38650,10144,28,32.45532411514634,2004,125969
3839,30372,13661,20,99.12401286967051,1782,275985
3840,8642,14533,33,42.810460031196534,588,439777
3841,33001,10247,16,13.984466172560614,1922,434583
3842,39064,7213,29,96.96017154285893,3221,98481
3843,34290,4707,23,98.42982505713186,3874,255729
3844,19122,11724,24,19.517225838632722,3172,78612
3845,29820,7641,34,86.61557706527691,3552,137743
3846,7895,9152,7,39.65190929319528,749,454011
3847,10366,9578,38,38.75547798418473,747,329708
3848,13711,12225,37,27.007065557793265,480,309005
3849,24596,4436,4,5.426317180934754,2166,98603
3850,23793,9807,34,27.53288938483713,1963,485215
3851,13199,1575,42,6.32391362797215,2390,412547
3852,15717,4376,22,92.51283258963637,4324,181585
3853,41191,5115,5,66.51034656688012,1299,246087
3854,15211,13599,42,88.77564235162276,4604,308791
3855,28360,7765,23,72.01177746558649,4987,323468
3856,26542,6879,15,13.997400237181287,3090,65491
3857,36312,10616,31,94.1175721367945,1207,391373
3858,41435,14392,9,90.08941230964393,3547,262531
3859,33247,9618,43,35.45953171220253,321,84600
3860,27357,5152,25,12.041800694815974,1539,114179
3861,46045,7292,25,70.71132032809851,717,308590
3862,32691,10973,49,73.10776897093552,2670,454088
3863,17424,9747,21,89.78607543923,2855,224130
3864,23852,7956,9,6.2129201856569125,2890,180047
3865,27601,5174,48,15.028679964709813,4042,61358
3866,23020,1041,38,60.226630495039046,3409,121343
3867,13155,2661,22,62.29402353613817,4154,295258
3868,8583,2751,43,4.327356569185622,324,76503
3869,20515,9744,23,40.29627305510418,2341,102268
3870,41777,5069,49,58.83201139632886,4252,360049
3871,24710,3244,4,74.05322198202165,3796,374812
3872,48178,12561,29,32.298918486054525,3450,203306
3873,29532,13692,15,48.9064458091623,3927,257687
3874,23601,6541,1,81.59143235888891,1503,499966
3875,9967,13173,30,95.43561132587631,4312,474191
3876,23753,12849,29,23.801152863594705,509,138104
3877,25022,13302,20,26.051178376169727,2016,340250
3878,48463,13217,33,94.04200055595368,3538,255589
3879,14135,5175,41,40.19520392550567,4167,248850
3880,10722,2060,44,72.11648412755353,2959,108438
3881,32413,12454,36,61.61425764425775,2083,360541
3882,32236,1664,22,29.273180299611575,2151,231582
3883,20514,5919,13,65.70265997384446,3801,479640
3884,48896,3222,7,65.90102419474036,122,492675
3885,42212,11050,8,59.65187535549855,3068,363419
3886,45386,970,28,10.866421660101775,844,104034
3887,25331,10108,45,99.52201041502973,701,249450
3888,23060,14453,43,40.641229655911914,3135,197089
3889,6196,1968,9,64.18684755430189,1942,129372
3890,17297,8425,25,88.69040771714931,2774,129722
3891,7787,1308,16,42.9055603535638,4276,84432
3892,28816,8863,10,77.61858062374931,2762,465973
3893,45695,7219,11,97.21061804326119,582,359332
3894,24702,12818,31,36.53454126505178,4136,440305
3895,30242,12834,12,41.121687453040934,2739,81116
3896,7176,12917,31,90.6520298406603,3411,479932
3897,25127,11091,14,16.804643913703117,4228,370882
3898,46560,5573,44,3.8308889975847897,4475,332600
3899,32228,8512,32,90.98001148006207,3925,184706
3900,25208,2145,17,82.33756583764045,2299,99366
3901,33482,14392,35,97.28572022258187,1782,439078
3902,14171,8749,1,6.765540488357147,4896,70856
3903,40219,1629,29,16.461555713657738,3708,249067
3904,38396,1853,4,11.425943349891076,1118,283082
3905,47589,1267,23,68.65819709707722,4860,110615
3906,45546,4395,28,60.99499730096718,3070,395270
3907,8696,9374,16,36.574184739338705,1411,124137
3908,25058,3954,12,6.684924460822256,1518,381149
3909,25313,10700,21,64.32653642060755,2600,468007
3910,24149,7829,45,57.441928026390606,2767,349759
3911,46075,11834,17,12.177417895000959,1486,50348
3912,9956,2290,40,90.9820607428977,1244,86419
3913,15195,10169,13,20.696021257527065,2163,446094
3914,22076,1385,32,74.60740606224178,4934,324001
3915,6105,8234,37,88.62251039175187,1646,153053
3916,20417,4406,15,58.36802407867714,2245,225101
3917,29729,4992,12,25.438041624526882,2263,421752
3918,35099,10230,49,31.615603244888998,3112,244286
3919,37598,2573,15,88.68900583816439,4544,246610
3920,34961,812,34,30.527458481271978,4427,296877
3921,17602,6769,6,74.87285784841313,3282,337802
3922,14256,14376,17,99.02635601328512,3523,335411
3923,25584,5817,48,99.9818552169051,4101,423142
3924,39681,1310,49,53.81449507866381,3659,392033
3925,30792,10927,20,82.82902388182369,1656,248125
3926,26904,7341,9,99.03473692419875,2786,235070
3927,48361,11549,5,38.09261609435624,2432,289463
3928,39540,11455,23,25.98854892196028,1756,175513
3929,31536,2532,33,12.309102228376137,644,494747
3930,24164,10199,38,14.949064169239485,491,173892
3931,17996,13237,14,85.50207999844567,2088,365560
3932,7871,11262,17,59.28358594040033,4185,298583
3933,27626,10586,19,87.4972083638561,396,473583
3934,15521,14165,33,79.15605381418467,1186,198304
3935,48410,7629,1,67.70071837475376,4465,109048
3936,6132,3205,13,61.32190699877921,3361,242509
3937,38467,9288,46,5.7855515136312015,4705,99357
3938,19534,2647,27,87.35524440431604,1216,207540
3939,28854,1115,6,42.36636410629171,1176,247128
3940,47998,1447,6,56.418898850067805,595,299336
3941,44065,6177,33,3.1733966858250513,3095,71497
3942,12812,5151,30,93.67127668441591,193,426153
3943,9557,13065,46,90.37130564810815,4820,56258
3944,7179,12456,35,54.78452496189245,4424,368103
3945,48798,8366,23,58.153851683667384,820,84902
3946,14065,2513,10,70.79670402794538,4462,65454
3947,13275,4197,19,27.20479474717886,4476,87606
3948,40948,990,28,22.969646648616955,4126,494843
3949,25700,4850,23,67.72827171356164,4155,367113
3950,44464,2928,4,11.337822169731908,1206,136465
3951,47351,5487,20,45.952138467614695,4032,444001
3952,32794,9233,19,49.783281975909915,3822,385823
3953,33783,9979,42,38.75236071460163,1471,139628
3954,21998,10325,27,19.341549394075734,522,491034
3955,18869,5420,34,36.176310168210115,2105,430929
3956,49525,3426,4,34.41816810248454,4649,300957
3957,33152,10044,38,50.42730179022629,4702,63635
3958,25954,7782,7,67.79340331627341,4511,126518
3959,36555,4876,48,96.85527722909089,863,63409
3960,21654,9990,7,15.272162757258496,3468,229828
3961,40236,5368,26,87.4286938841671,997,68541
3962,20042,7486,26,29.13362203863598,1052,108022
3963,30966,7362,19,59.54590423013916,3022,119064
3964,49314,12659,9,55.12695785040294,4579,217399
3965,19270,4923,20,56.13789344419803,3297,490104
3966,35908,10950,42,72.61250256016247,4298,271126
3967,20523,7370,45,38.7871422691506,999,74946
3968,24991,13710,16,32.59089636044871,4123,147616
3969,15775,13339,17,85.43062274536226,4305,413385
3970,17265,8659,22,22.789408987152758,3741,179622
3971,24459,2573,13,18.844357693803165,3643,467772
3972,21673,6670,12,2.5451362288708266,3741,415589
3973,32056,1201,10,21.84720042088949,4865,427553
3974,11614,10611,1,52.334611898354126,3190,177280
3975,41020,8613,32,54.31237842839724,4579,427755
3976,12415,7325,30,26.1876286283579,861,71775
3977,28155,11152,8,8.155142834078784,2507,270649
3978,48884,12954,21,74.7194388381754,985,444051
3979,21964,8367,22,76.03955950766768,2743,494861
3980,42726,4764,18,99.7858032328646,3343,478963
3981,42044,8468,2,90.10292748293705,1335,224357
3982,42544,8646,48,92.68014438724661,3033,488100
3983,37252,13016,44,80.02217874865025,1568,459320
3984,8832,14790,9,61.93478248486741,109,64927
3985,30275,8276,3,13.726049802846537,891,185593
3986,19901,9058,26,62.6090164481319,1762,356230
3987,43213,9219,21,6.539630181048037,843,195352
3988,39148,5386,30,88.64461201584804,2528,113266
3989,47633,12410,28,48.70031220600555,3593,211825
3990,27918,12301,36,70.04981036560422,4646,232600
3991,24540,4435,26,6.172122705900437,1216,492821
3992,16580,5119,34,53.89059386935971,2541,144971
3993,43402,5691,8,30.82507638748289,1454,209149
3994,43578,14456,10,29.21185830798732,2580,299307
3995,29917,10845,48,39.57593555561507,3101,247756
3996,27318,7375,43,1.0633066251929553,1286,427354
3997,15179,10600,14,47.19942729029718,4187,480561
3998,17251,11704,40,49.17010167718589,2931,474252
3999,24493,8356,15,86.44996066806735,3761,230345
4000,25466,5901,17,45.40403518036576,1848,463218
4001,35206,12920,18,36.99207309289961,2963,360584
4002,24624,3522,32,99.47995808488388,1214,482614
4003,31564,12175,38,57.55011913564714,3364,283098
4004,27412,11412,23,47.788707654779806,3190,429915
4005,32990,6238,46,50.097647620289564,1163,240588
4006,40517,6484,23,81.1089484533717,3848,121466
4007,18156,2270,35,34.72696052804592,4645,391068
4008,28064,12805,39,39.52688580590861,2832,171411
4009,30711,10469,15,75.83146257440907,1972,103965
4010,35106,12904,24,8.225390221763178,4820,69691
4011,21589,9489,28,86.65174665618261,2069,381322
4012,28736,3715,16,43.590066950329025,984,69201
4013,25975,12480,16,58.54800457505919,4063,319565
4014,41218,7194,40,75.99013976672367,3778,155351
4015,12214,3476,39,27.33914032149514,418,456770
4016,35581,4237,6,89.14110662374446,3916,383268
4017,25195,10403,2,97.94327225340446,3817,139307
4018,49582,1252,13,49.93316177920633,3295,403504
4019,32127,11161,44,93.75679913823465,1474,294636
4020,10141,12661,47,1.111733630171293,587,124852
4021,33884,1892,9,89.52954513391731,550,372389
4022,29885,7289,34,31.79348665537925,452,420297
4023,7708,11297,17,31.838047048032593,2040,289321
4024,23375,14885,27,23.580797612224,2467,95562
4025,20088,1177,29,32.38437621393929,3336,209306
4026,49602,605,37,22.134973786164874,347,397466
4027,15014,11979,43,90.6810415246872,3603,283708
4028,8273,5253,22,90.00334899412327,667,458545
4029,42306,2446,24,11.118920177141629,783,458914
4030,35881,6044,7,15.142984457782754,743,271935
4031,36486,1595,34,86.33984526205599,578,228681
4032,17541,13775,48,40.49483931640185,2860,328692
4033,13712,7485,12,17.75789605658855,4563,482973
4034,14168,14596,23,51.556270841220154,4552,305644
4035,8551,2282,15,42.250136942089405,1468,115234
4036,17297,5041,33,22.696993820058555,2326,68340
4037,48733,14736,13,72.3544696094858,3596,119396
4038,32128,3757,23,63.49764192094036,3712,396839
4039,7832,6713,38,10.866499741988616,4107,208937
4040,33483,10689,32,92.6132847182089,1942,281144
4041,27063,14985,45,56.28852660727684,3477,240839
4042,27963,5369,35,25.77024421929064,2514,194815
4043,18422,2061,1,21.422889692163984,1159,252834
4044,37920,4506,47,14.458850155847953,1744,128254
4045,16156,10367,45,43.03910323264473,1911,160192
4046,16108,9814,5,14.41856029599284,2293,285997
4047,36845,4481,13,42.16582484692739,2527,493150
4048,7800,9993,5,15.728272395177651,267,176658
4049,43078,6182,32,66.02394463086505,4282,310464
4050,47712,6282,21,78.73896014694947,253,238044
4051,7610,1443,24,55.402752004753104,2644,337674
4052,17067,5050,18,68.32563061063483,3968,240408
4053,38872,13915,21,93.89949497132203,414,109003
4054,15728,9637,10,64.19878142749018,822,345052
4055,34566,1100,24,37.05166162020438,3731,427551
4056,34783,11392,40,45.49853570881664,3445,117186
4057,25583,13512,47,86.19199738113166,2911,90653
4058,25238,6876,21,13.941311576059542,2409,442647
4059,12263,10109,25,33.24796522259283,2601,299333
4060,6914,2024,23,58.15072682807793,3433,307426
4061,28749,4266,22,67.96256737143501,2123,228104
4062,24456,750,4,76.58640846773882,449,345927
4063,30582,10236,34,32.502472803612626,923,103535
4064,5406,578,6,15.440054266905879,537,294066
4065,18689,3623,28,95.52908175797941,268,418982
4066,37934,9589,31,8.562829496071908,3919,400417
4067,38276,7564,35,10.484730222901657,3514,241599
4068,41432,13568,39,49.99931164829491,3401,306653
4069,24873,8917,42,82.10783178621624,4218,337695
4070,18050,13862,23,77.67590652917735,3135,355687
4071,5680,1709,6,93.83222735321509,4476,462720
4072,23908,5653,16,15.018654985685851,3690,459587
4073,23504,5398,2,38.196998449181166,2869,100975
4074,26644,13529,24,28.932070743449298,2400,267418
4075,42125,2678,17,86.22614223191252,4599,341180
4076,6363,11371,45,49.347107407838834,2280,393227
4077,47291,8110,1,3.657945507150969,3445,103756
4078,40060,11577,6,71.08847627700126,2765,142739
4079,6538,11498,5,39.48111168483366,331,436492
4080,41176,9395,45,53.58352957373022,2692,321449
4081,46520,3044,29,89.48495527398981,4274,378580
4082,30675,6022,12,26.417039688648355,1158,315891
4083,23287,2870,39,24.786202885605537,2642,226096
4084,5174,3781,47,27.056057913828845,1233,231695
4085,31732,5210,3,34.472691134710566,3746,335389
4086,39998,828,48,11.628043489963865,2475,446319
4087,42055,14183,1,70.02474642005035,3980,164938
4088,17112,6079,27,21.532473065084517,2837,249105
4089,44874,4728,48,92.68842897978799,2531,472793
4090,14689,13622,24,22.352945077077198,1487,189559
4091,49814,7294,44,26.308560901568736,3403,492665
4092,24555,620,19,30.40500265227082,1537,407703
4093,38919,7249,8,77.08527160413018,3465,271485
4094,12619,14263,44,43.33304225676095,4742,95567
4095,11033,1464,47,82.11412777903125,1829,245921
4096,46328,4724,2,78.70051752322306,2539,304536
4097,9946,4175,30,93.01955185397918,3273,253125
4098,29618,6194,30,75.90381135530143,4007,291192
4099,39675,2576,49,6.139205797237221,1416,423853
4100,41258,7365,39,83.89084609620677,784,310227
4101,23919,6143,45,93.8691870738357,2688,166322
4102,9173,9024,32,99.37523006241723,3643,300765
4103,48833,12060,1,13.401491819114048,3187,170717
4104,31400,5749,38,61.71405366332692,1775,186687
4105,9769,1816,13,20.74640792253178,2213,126004
4106,42564,1696,11,26.988454450347298,1057,323023
4107,19211,3670,10,74.81284948406294,3643,409635
4108,28255,10121,48,97.78910405220698,3194,233068
4109,32962,855,26,59.890694644839265,4897,456294
4110,24356,12926,20,85.20786251240249,2907,235847
4111,25306,10218,17,1.879496579053964,920,54590
4112,9997,12589,17,4.626532345112306,987,235172
4113,22376,13985,4,60.075709395260475,3828,323054
4114,45880,528,5,39.509327058443475,4093,213048
4115,43055,13718,23,89.08602368234223,3184,333718
4116,15578,1513,46,30.89620939548764,975,221724
4117,23624,11394,10,43.773051722900696,4361,83430
4118,44194,9519,46,53.263010585325254,4096,367771
4119,49367,13138,28,28.030844455738507,656,307635
4120,5389,2524,33,90.94099187787614,2314,102239
4121,38767,8990,43,46.988824881151615,808,366057
4122,6855,6339,26,42.99140530278268,817,411116
4123,45893,10557,48,85.12555184449893,3765,405420
4124,18794,12708,29,31.88586176314195,2244,452693
4125,40531,14003,27,81.92906910658513,2119,102772
4126,9986,6291,18,13.105012419413598,3879,115696
4127,37298,10803,40,19.096064803125063,390,224430
4128,6481,1254,10,95.13332495100174,2283,225277
4129,8731,9461,42,84.40230158996309,3979,263009
4130,21835,4235,5,39.40199124418422,3036,412981
4131,32798,1738,10,64.20718842298592,2514,466110
4132,31113,13621,21,94.35404875366463,2395,414894
4133,24477,10905,24,21.974031383544343,2913,240991
4134,22266,2406,38,6.842036552077065,1337,425716
4135,25792,7899,3,54.20933838602522,2217,289885
4136,25452,8461,40,15.117090987695734,4941,315062
4137,48526,10256,31,19.54459017842614,3143,161683
4138,46334,9910,41,89.26237978342637,3187,337773
4139,16889,5101,37,1.7329424058442422,3658,66699
4140,29335,10049,2,81.86518261992299,798,424580
4141,16254,12531,2,52.17812685722515,2953,366128
4142,26074,1960,39,56.37014437688474,3908,363507
4143,16442,8169,49,67.50502808517989,4719,319213
4144,42327,12677,42,43.71305423849303,1945,156815
4145,21199,1916,44,12.44557693104906,4114,497501
4146,12291,11545,34,11.179202156677556,3282,154726
4147,45928,8266,42,75.68185771921031,563,382207
4148,5112,13960,20,22.882479183461207,3960,331243
4149,26515,13548,33,3.782066678146776,550,65622
4150,24581,13620,4,97.98177502079517,2015,469497
4151,31500,1928,45,98.05876041670864,1023,351577
4152,37026,4878,44,38.435992397034205,3722,89875
4153,21523,8029,11,3.5268606111542073,415,262139
4154,6424,4974,42,72.99920120068222,4866,441525
4155,24552,12985,47,83.27019398808125,4893,186204
4156,15808,11754,5,13.376355321465166,1476,144932
4157,43811,3571,25,14.410402876014391,2915,370160
4158,11989,1055,49,82.40017596998227,1362,224311
4159,28620,9047,37,92.26883148280825,1227,110891
4160,44029,2063,34,79.2847288307408,3025,419110
4161,5887,12192,9,20.873749967783425,1152,405487
4162,36802,1540,6,41.740600723987875,4284,89550
4163,24488,3186,18,60.483400160725495,2522,167295
4164,35013,13166,14,16.86905390826204,3568,299092
4165,21402,13467,19,21.84964677061832,4559,339340
4166,26205,3053,14,29.005721134786942,4121,262601
4167,31049,2279,40,51.44181375879281,4509,365993
4168,17253,13686,17,51.56968383057721,647,272566
4169,23990,575,35,81.61515741540771,4991,359502
4170,12846,4826,29,75.54800986807493,3623,89513
4171,30027,6335,42,91.45983183588426,1629,285010
4172,44200,5557,17,83.45727055963505,206,291943
4173,8765,12011,43,26.133877282259814,956,220100
4174,20950,2849,8,33.798380161095984,3084,392625
4175,14741,3273,1,50.541901119620846,4486,138915
4176,27742,2762,45,2.412842321800815,4812,436934
4177,29703,3729,36,90.48629862208843,1350,88877
4178,43709,10808,7,5.3900770436715835,1711,203897
4179,42623,892,46,32.921685810846995,1890,116451
4180,27931,1608,5,57.348304328444264,967,73848
4181,28580,4862,24,52.266297472079714,2869,456885
4182,20166,5688,28,65.79152938976159,4353,322019
4183,34240,9302,43,53.22449735412669,427,392533
4184,30991,14158,17,23.671141144600405,3916,380105
4185,43556,13796,37,20.906740591593316,3248,147976
4186,37969,5557,20,90.81745983847436,3481,476409
4187,15561,11467,3,27.132706936823663,2474,150091
4188,21901,4498,37,28.816746154071833,2655,284024
4189,45505,9364,26,41.882336713934116,1230,66552
4190,35020,7066,15,14.80439438784742,4436,214354
4191,30917,4177,48,51.2200115979008,2582,217275
4192,6988,6296,8,66.83814440851101,3199,440826
4193,49505,14950,13,78.81404871565933,2851,283901
4194,19256,6863,48,71.43396994455868,3420,265608
4195,27192,8623,3,15.615960443946106,1656,146338
4196,33230,8722,1,46.15064735212147,3643,126105
4197,44930,8190,9,4.820033880009664,4608,402946
4198,27625,14154,31,2.762001675373979,668,380884
4199,37088,1900,41,44.57291140910626,1754,123301
4200,19114,13941,26,26.043088951305272,3336,468144
4201,46167,4571,17,68.65271869246291,3219,492126
4202,43401,9308,34,72.69983789452785,3833,64679
4203,10755,13326,9,89.64496873126731,3329,149421
4204,15825,3286,13,76.30756884036484,250,84173
4205,27693,7669,5,5.776168190517628,2372,357043
4206,9117,1370,41,37.790678025419,4451,360009
4207,29729,4696,13,28.029311823460088,2208,88182
4208,37182,12296,1,39.22711253288896,1895,89109
4209,33890,10104,25,16.847490237901454,2527,185246
4210,34340,3239,47,10.672706265368753,3614,460277
4211,6518,1440,4,52.57746970833166,448,157046
4212,35949,840,36,72.31774977577304,2178,272003
4213,27547,11600,10,70.48917929126235,496,281042
4214,21346,13831,28,45.64348789544649,3076,115524
4215,7600,7922,6,52.70561964260566,2709,243180
4216,34267,4633,27,52.11654352835549,1258,390956
4217,41322,1159,12,69.46546739903756,245,255693
4218,31990,10725,48,5.744592419646384,2326,431086
4219,21193,10252,3,71.27971477825116,363,422716
4220,35109,3957,46,58.63788917497146,4399,471697
4221,24233,10348,33,20.612762752485846,3201,101938
4222,21194,3475,10,5.856826520880186,2206,212348
4223,39510,9741,31,11.744251265230954,3180,376994
4224,6306,953,15,52.944442800507694,1087,438337
4225,8849,10396,7,76.08244447903701,1447,473817
4226,17360,8684,36,34.131071425325615,1460,100324
4227,34231,5942,14,38.533267159816944,2938,202336
4228,41963,11476,48,93.48049508956512,1826,391570
4229,23689,1318,14,22.088295319225026,2389,489528
4230,34084,5368,3,11.271193032959811,1007,92852
4231,45387,512,49,34.99760126620178,1283,491123
4232,14280,12671,46,74.8462898297351,2924,167503
4233,7642,8227,3,62.981651814557054,1358,202130
4234,47137,1420,22,42.16374849758735,298,393801
4235,19296,5420,19,96.51050075035121,1156,415644
4236,20438,2918,35,73.76464739116275,2555,349496
4237,42525,10006,12,7.124281013946085,3465,317165
4238,7994,6975,5,74.71851294155078,1360,334758
4239,39039,12369,10,3.3798170346799767,4078,371275
4240,6813,2517,41,65.38200898862314,2935,224022
4241,32491,8457,33,21.837800792973216,1413,160813
4242,23845,9920,13,69.94777869471821,2002,224492
4243,46243,5292,35,31.66817709813182,4075,52631
4244,42164,7330,32,87.42762448760092,677,187417
4245,47051,13737,11,34.354469822554584,4530,418544
4246,18318,2934,48,62.349889685025396,1120,97674
4247,22200,3368,38,29.30682840574484,3753,442467
4248,5082,11207,24,91.80493296907565,3944,76844
4249,6920,1938,35,78.31860212178907,3673,121836
4250,45585,12856,19,25.086984758115708,2393,416292
4251,16683,4043,6,94.9308745433073,710,317506
4252,16336,11867,40,36.35860136804659,428,320241
4253,20596,2281,45,65.53462981905156,646,186671
4254,7093,6843,44,74.54246988032524,438,272060
4255,17905,2763,42,3.2673139850263184,3281,228445
4256,29351,10661,35,95.93776726956737,3141,54258
4257,35981,711,4,35.099689302649125,906,141066
4258,13367,9199,33,19.7881104496912,1133,234343
4259,10285,6659,13,85.22007138112131,3373,384320
4260,48664,14309,36,70.58702899951803,4087,87056
4261,42705,7527,43,9.587583989711906,3433,329405
4262,21753,831,19,12.587413556300184,2840,431317
4263,23485,7360,43,71.80399519471125,4625,101696
4264,17977,8544,12,8.403542339949313,1796,218899
4265,24874,8669,11,91.80036807728244,3750,327285
4266,12674,9242,6,74.41247355781569,2182,469968
4267,34038,6220,12,34.213728390731895,2098,139084
4268,34315,9633,27,36.930939143308485,4752,150904
4269,8676,1227,41,51.143113524206036,1785,143219
4270,7426,5475,25,36.73597195120548,4686,102680
4271,29473,11554,42,78.56338659239326,1703,68792
4272,7962,3743,3,97.49895746605995,4449,480844
4273,34943,1148,3,58.867630028381114,4212,420613
4274,5859,5595,20,45.15769543908536,360,365244
4275,49816,14309,28,23.054639886553502,3896,174118
4276,9138,7114,23,65.68990850553222,2875,248942
4277,40192,11429,48,68.87210931972432,600,443983
4278,30640,14400,3,68.83387009442201,1115,339136
4279,15409,11439,42,3.67151855098074,2433,440612
4280,9017,7635,24,90.01308796538662,2154,79570
4281,15451,1509,43,34.47254977948849,4063,245769
4282,33327,2050,40,74.6724104856793,3774,258345
4283,15278,9495,6,76.22088380293167,4155,169571
4284,29944,12772,20,65.40494290241172,2806,136126
4285,48764,7992,11,40.09178579128493,2199,417533
4286,6134,13001,32,61.23003746483603,2665,373724
4287,35131,12956,27,4.97967043452978,3117,312888
4288,42887,3901,21,76.42768342660273,208,273766
4289,43462,7947,44,10.859276184505552,3522,201630
4290,27520,13765,48,40.27834165416057,165,239933
4291,26869,5924,13,11.25825997883169,3181,344403
4292,41932,4741,22,83.87037013609036,4397,298316
4293,10039,14586,35,55.47993695015996,3048,464666
4294,26281,13303,47,69.40455689675797,313,369093
4295,15442,3661,22,68.57563481441869,4522,218001
4296,13252,13240,28,84.31901693419194,1140,96589
4297,32586,4655,21,14.124370931168333,4718,307935
4298,22568,7978,46,66.31308590008354,1087,387266
4299,25810,9219,18,57.93827138596208,3295,443502
4300,6551,11990,31,4.0588151345602235,603,224634
4301,17625,9715,46,20.940867973457454,855,251707
4302,39397,7117,37,27.48958259644386,1441,328531
4303,31249,6160,21,8.18308116748745,2688,426509
4304,6361,12426,14,36.117260783981344,1481,72319
4305,31149,13890,25,3.6930483628320934,3087,181483
4306,9370,9124,27,55.765165733515225,2944,332873
4307,10283,1676,40,21.93859509739894,2619,135647
4308,12610,8456,23,29.413307445410663,3826,424246
4309,48326,9092,31,91.13669099095712,1987,327848
4310,19924,10796,47,50.77886806322902,1423,453325
4311,49717,11742,29,27.63237919319717,3909,474388
4312,15626,2733,47,60.24771406655856,3847,254957
4313,39761,11137,30,20.965472051882067,2231,461200
4314,5869,5200,26,8.365172890654303,2524,208532
4315,36552,11527,20,3.069729085626598,3484,171845
4316,6014,14993,38,95.20137549224937,2351,180317
4317,15103,6406,19,72.7364715901685,1108,481690
4318,21986,8360,27,80.19486668094585,1417,94449
4319,49781,8026,25,98.11085508970436,3316,170247
4320,35471,6059,40,93.23124163793051,4734,188268
4321,38458,7232,38,73.95440666511408,116,363678
4322,30069,3013,23,69.70471991211261,4770,63549
4323,21873,8330,29,34.34814969660229,1902,59821
4324,28248,10465,15,11.297707927715111,2723,85564
4325,28624,7444,3,57.79853228839002,229,323217
4326,48516,8410,10,58.04907621377063,1573,57282
4327,34061,6149,15,95.27149125615865,1049,286327
4328,29170,1596,16,44.81450985950922,4096,242218
4329,13024,9620,17,69.38995480630076,1168,462405
4330,21678,2451,19,57.92209211227546,4411,422110
4331,43256,10665,11,18.499262681003877,1723,255855
4332,25411,14852,48,59.61436646773675,2995,60771
4333,48803,10246,5,54.47155422691919,2836,373636
4334,24296,11470,5,49.8966933970262,2412,486941
4335,31293,13113,14,51.82887043119901,2046,203306
4336,32172,9686,26,17.234809223928178,716,270354
4337,26128,8299,8,46.88429539183611,1969,84096
4338,23257,9304,5,60.95967391033808,400,62236
4339,17855,11285,7,49.4554706698684,1084,101544
4340,24642,1095,16,49.379933317488586,3791,348065
4341,40585,13708,14,8.674253269505591,4601,336720
4342,25025,8375,37,19.886641049655246,3526,181238
4343,9458,9533,41,32.77629658477457,260,195724
4344,10307,14013,4,42.51535239866475,125,462854
4345,46701,4939,36,59.79980694200182,182,65233
4346,23425,6472,48,86.47116534778301,272,314029
4347,48427,1358,17,16.757309070776742,1098,103520
4348,33273,6019,47,2.4937149908587988,3241,276972
4349,43506,7885,36,45.47447594681566,2982,261316
4350,10668,9136,6,43.778186843751186,4201,149203
4351,30934,10480,16,55.638220631022065,2943,478232
4352,12697,4817,29,83.48895536577855,4720,159759
4353,29417,3954,36,80.43369454726532,2210,250020
4354,21446,12644,38,10.90428515857111,3184,192841
4355,45597,13379,37,93.4655413009907,2145,486363
4356,15751,1530,48,11.931025072770025,860,187521
4357,12352,9987,48,63.82248034488938,304,485395
4358,18516,8406,10,67.56822306596199,3202,282508
4359,28299,13805,41,68.30787123508573,2135,156459
4360,36957,10755,36,27.2697659958637,1652,320280
4361,33927,1947,29,33.7041640847342,924,279735
4362,46094,10737,14,55.31901063979029,3056,384130
4363,41412,13311,4,20.75916208420974,3848,355143
4364,34493,3350,44,3.010736315501771,2545,139567
4365,31711,12516,42,56.65230099634899,3996,343196
4366,13003,10760,36,47.06257862918872,938,454562
4367,36707,12453,45,66.01638941612273,4795,238749
4368,8278,8606,13,15.523357007532333,3783,326996
4369,12296,10967,46,84.2515645643953,2061,427562
4370,30398,7651,18,15.475927357592202,1037,384747
4371,40842,10500,33,89.24301688312232,3031,474701
4372,18261,10003,21,45.5025960869746,524,256297
4373,16173,7452,16,55.43072067789678,3410,418215
4374,35449,4555,15,89.76155226043488,3151,74272
4375,46080,5902,5,30.691391799229635,3005,446979
4376,6637,11143,6,19.000872627874,2237,109087
4377,36781,9781,38,45.12941046112591,4146,366992
4378,18652,2172,3,25.192355624242968,3310,80075
4379,10103,12367,48,53.256547242491386,2794,340836
4380,30500,5032,12,28.25052857998733,3695,142085
4381,39800,5424,36,86.58446402395023,1367,378558
4382,40529,13046,33,61.12513463351487,3676,209920
4383,23452,10695,36,1.0238263045473244,521,432314
4384,36174,6585,33,80.74189973330265,3366,277349
4385,40436,12890,31,33.69102133588844,1757,69268
4386,20954,13780,21,32.70059043134076,2200,438031
4387,22186,8234,27,38.92321840131227,4039,388467
4388,17356,5364,27,63.395990280323986,784,166985
4389,37963,9816,8,44.764010329028075,2326,222692
4390,7187,1721,37,63.23491911040054,4488,126872
4391,16707,3360,32,15.531291441943445,2522,405418
4392,40098,10965,26,97.0462819878845,1177,352283
4393,31935,11682,2,73.23102242130253,4085,496353
4394,26225,11202,12,25.77050361065992,3940,346181
4395,8606,8928,22,72.69282089940282,3416,128434
4396,37828,9836,17,57.927520169902294,2943,198750
4397,31489,3753,7,11.80971064394795,3539,486267
4398,19387,4282,43,18.641446252024483,4211,68141
4399,8927,7457,4,5.089506050225016,4371,336304
4400,11296,1266,37,81.11456909579343,2003,456051
4401,35444,3181,38,55.618770506928264,4324,59383
4402,7591,8210,32,32.35811621637097,3394,154882
4403,49895,7982,11,13.508145300791803,525,205636
4404,31147,5586,1,48.92054172007754,2501,419693
4405,43889,8464,25,53.000873325075936,849,265833
4406,6200,3165,42,70.49290159707003,4939,481700
4407,20721,10451,24,97.02378383426206,4674,101556
4408,24238,12183,43,44.059607510330096,143,471496
4409,16087,11507,17,41.19738645284256,1659,223854
4410,35816,4013,8,37.62307045442213,4294,493639
4411,28408,995,45,82.86546698771924,3568,207367
4412,44740,13835,27,16.47540491852455,4051,369740
4413,5136,11872,18,35.037477459873855,4366,148236
4414,22413,6322,27,72.7721096826637,247,425568
4415,23978,12622,22,2.5537985989022016,2270,282144
4416,5661,2572,16,29.648691636963772,211,410289
4417,40240,8295,2,64.50326911271627,4263,295117
4418,32253,9029,5,19.409257702079664,927,387431
4419,31884,4449,18,30.968346343302848,1852,383822
4420,37854,6533,3,49.11846237383969,3039,358099
4421,15704,11800,27,42.78033303099903,3828,363224
4422,43987,10509,17,11.496691805582506,3716,393937
4423,29527,8828,16,93.88529690330762,3823,246002
4424,21322,3055,6,5.384979337627184,2377,465866
4425,11968,6870,7,75.22453288585898,259,415861
4426,32518,4915,14,8.070854338024589,3465,466428
4427,32886,6459,38,47.26228449948285,2333,379870
4428,6700,9607,40,18.365717873885693,1113,247610
4429,33246,13993,15,14.968681846463603,651,92882
4430,40468,6493,47,13.463899677630783,1275,73038
4431,28199,14921,47,45.825877032838896,1263,385774
4432,49589,12230,48,52.03300602934194,1408,334595
4433,37115,5521,33,14.205064860741148,1592,250360
4434,10520,10792,43,97.96017729635771,1341,105352
4435,49278,3407,27,26.51882279936009,4631,70521
4436,41455,3414,29,46.425292620675535,4927,376452
4437,25929,14046,37,22.410686202588895,1877,496070
4438,46605,10674,5,49.89834189950501,159,274376
4439,19955,4370,29,75.84564166405302,1733,170631
4440,49049,13220,32,52.589099415155026,2551,349350
4441,18917,12259,6,29.279238201087466,435,382107
4442,9757,9690,2,25.59126426465987,930,176407
4443,18045,10839,6,76.13450621647829,1692,448772
4444,46680,5585,46,12.705579396900063,4480,418980
4445,9733,13386,43,37.62668294618108,1059,330916
4446,35954,7046,4,15.99678894873465,4266,209135
4447,36135,895,29,26.53960710015371,1221,417440
4448,12081,12290,25,16.115640016010268,2323,72709
4449,46458,13202,9,88.79047834570025,3916,231924
4450,28501,1438,3,73.45851570229016,1198,448599
4451,26113,10328,26,56.53179735838187,242,313377
4452,39441,11416,48,23.218097027057777,3078,339290
4453,29690,3010,43,51.51245589272029,1146,179205
4454,48939,5136,27,52.56248743830967,1168,178443
4455,34345,2149,36,59.44996883973671,4287,363594
4456,49571,4190,32,6.948430565050413,3440,205785
4457,31829,14733,1,97.31729514847392,4873,224830
4458,40062,3935,16,47.07845808943199,3535,392469
4459,8630,3701,48,92.72664563581122,3879,249538
4460,36870,4679,11,1.9710033566836593,4577,324518
4461,49942,13058,26,25.508281167895582,1065,100985
4462,8453,10983,40,11.295561461020226,1279,343156
4463,42275,13175,1,77.19200155812239,2534,134059
4464,48370,8905,26,32.69237990987641,600,336927
4465,43396,3737,28,84.20875833315895,4654,458779
4466,13328,4362,9,83.40615120586985,149,355337
4467,20534,558,44,67.11168448785041,1069,311204
4468,24744,14413,22,66.91239855085374,1087,322186
4469,24389,11622,8,70.31580951524036,4727,109031
4470,41320,5438,49,67.70261962834768,1215,93163
4471,40010,3471,42,39.30392741075055,4032,400500
4472,19665,10219,27,68.59993681228605,1579,408932
4473,42865,14517,39,89.8432899500435,4534,445424
4474,13640,8814,19,33.92477569578574,3224,286929
4475,39716,12411,25,94.5440135952804,3667,63796
4476,30521,10128,38,2.344577201978203,1758,140962
4477,35049,9854,21,35.559171288258476,1976,465886
4478,10618,11992,24,14.07774177114528,2151,336464
4479,42004,3845,24,13.535363075457344,4476,332218
4480,6920,2986,19,81.72751990714526,2915,77931
4481,48937,1061,47,91.91846316026216,1070,331137
4482,9188,4481,2,77.99806716906558,307,105330
4483,17207,6761,14,97.68495618026343,359,476207
4484,5238,2237,32,22.416568046460803,4458,327147
4485,37972,9596,42,14.939191308759355,882,228568
4486,15799,4054,32,52.54967442192174,604,64743
4487,10552,13182,28,83.07472385951918,1673,496142
4488,33916,10418,48,4.94406999296791,4398,174291
4489,9927,11615,39,99.56100043898832,1859,391687
4490,32964,12223,40,60.62234699132696,3894,74300
4491,16164,12598,42,97.91523940595637,3690,160888
4492,42158,14504,47,37.143081690143916,4240,156818
4493,24071,9626,40,46.344358232825336,1501,262783
4494,11160,13889,13,75.48378279734182,888,121509
4495,20810,7595,12,79.47734460557055,3429,59703
4496,10126,14223,8,24.070272281673788,2944,265078
4497,35009,8766,15,93.05030754446454,4085,246086
4498,38584,794,26,86.87488906163813,4112,269888
4499,30396,8712,12,2.802325007216658,2192,401547
4500,5192,11934,43,13.728242479663125,3067,483647
4501,41413,9730,46,50.113613534299674,1169,106436
4502,17816,5830,27,46.63459589720509,1775,333989
4503,44082,5155,18,71.1306946484487,2712,131777
4504,37130,1609,45,9.88142622925037,4496,85055
4505,45142,13960,36,64.84067536301552,387,452094
4506,41468,4271,49,62.020623182323654,885,60209
4507,35698,9063,27,24.128340249326392,2416,108812
4508,15655,6623,9,54.69700246257155,2938,144035
4509,35075,8147,39,22.998513492602214,3737,415283
4510,14359,13605,1,15.545379682960029,2728,304948
4511,41661,1674,7,57.74035853075298,1365,412982
4512,44579,1664,26,97.76995355175646,3083,192076
4513,47056,9784,7,24.456401568002757,3115,301290
4514,38272,9975,7,36.178278786160035,170,408267
4515,47581,10703,8,26.400749373014627,2560,476606
4516,19671,9537,16,27.37952234300298,711,78400
4517,32048,10683,3,41.015021284481385,3623,388655
4518,15738,9212,45,70.4836955544114,3802,128121
4519,30963,4966,10,4.841647879063569,2676,165763
4520,48954,6038,7,95.75529537287046,290,187948
4521,11773,12888,21,5.581708069435503,1847,491320
4522,41584,13448,37,88.24406501251141,2225,435327
4523,34894,14469,31,89.54343177743789,1728,402919
4524,5717,7611,23,52.92442957156081,3472,356050
4525,16676,8934,27,14.562686033277778,3096,169925
4526,9434,3300,22,56.94945108513744,116,70378
4527,42825,5107,39,63.23458383038212,1697,76568
4528,34100,11588,27,85.91813682290402,1166,307447
4529,9994,11294,49,55.5386422011874,3239,409190
4530,9234,7762,4,41.66023019443048,3551,267296
4531,8764,10965,24,83.99082819155727,2359,298958
4532,48949,2041,23,98.11422793790928,2350,137332
4533,42405,3265,48,64.86521731063539,2873,157014
4534,39872,10806,19,87.56431669297814,4304,80796
4535,47215,4991,42,60.27477617007736,383,245422
4536,28185,13399,3,69.28901114962026,3088,105061
4537,48442,3583,27,69.12854463734296,4932,125597
4538,46153,5856,3,70.77391169718626,702,74401
4539,16999,2357,28,32.78033094893473,1463,184882
4540,41487,1269,17,57.99047823089952,3452,411360
4541,7581,1922,31,59.819422813405744,4175,401506
4542,7763,9098,10,32.19209104460997,4686,54902
4543,32374,3472,49,35.6353844026627,900,305267
4544,43759,2372,22,76.46242973665476,859,243806
4545,15531,6099,30,58.689660221107665,1593,311566
4546,30307,11386,49,15.77190364835369,4900,397292
4547,35835,2769,21,83.92606187960436,4034,361867
4548,16064,5775,36,88.42831442035765,914,372743
4549,16312,5249,23,47.1479736478236,4998,257271
4550,42548,7071,38,21.681835770269767,472,326111
4551,41945,9873,12,94.81304304508562,3098,425456
4552,11476,5572,25,88.34468688743806,2991,221608
4553,29565,10131,20,25.19379288784201,3891,186207
4554,7382,11745,49,10.463779893967043,3419,374509
4555,27463,5963,49,44.62470714736157,2289,129608
4556,38402,12025,42,67.96330166288021,2549,398097
4557,31345,7950,7,18.36346993677446,4067,428471
4558,49764,11589,29,51.80805318474305,922,384123
4559,31946,11595,48,43.11613393297915,321,153146
4560,19162,8920,29,89.1645637281771,4037,465141
4561,13397,4459,13,43.52709664790573,1487,276610
4562,27335,10585,3,53.84386297976872,3988,152331
4563,19394,1813,2,95.5733334041804,2260,80993
4564,32197,8347,16,30.669484821581893,3370,246868
4565,27010,1570,30,29.610102262252195,2025,178238
4566,29123,9666,38,80.15991291426222,4793,386807
4567,27387,10430,6,28.476359628252897,3051,297557
4568,7890,3785,45,83.3547211372473,4680,99483
4569,32769,9449,7,10.45802532680285,4093,283586
4570,48626,3595,5,12.014863483637372,2698,205915
4571,13026,820,7,90.23101404211441,1766,166747
4572,8306,2821,34,54.54041596576109,3181,87879
4573,38665,1055,32,72.16261240272964,3985,290021
4574,14277,5439,49,23.303600294391885,4857,316032
4575,47239,5932,13,17.46116246982872,2214,377857
4576,19683,1886,30,83.66047196103138,2852,494367
4577,5670,5263,25,36.503717295301634,3268,435969
4578,28675,11739,21,46.04822929307745,1654,319570
4579,22889,11119,21,3.7692178302605392,1180,120031
4580,49535,7354,28,39.202192685103675,4034,279645
4581,18006,14730,48,77.27334300437286,187,322191
4582,31531,10696,20,82.30624255133077,2800,199111
4583,26639,10622,34,70.17672409937164,2803,242168
4584,21633,8137,5,69.52579362083047,3059,478517
4585,39660,5341,18,51.11768739311863,2518,491923
4586,8439,13462,39,54.29460359672248,2522,488330
4587,37172,10855,43,74.52054293450121,4247,333510
4588,40622,13853,11,25.482878083944563,1847,463961
4589,16577,4367,17,23.920189756359544,140,486298
4590,16763,11118,48,95.04255756749141,2238,236342
4591,25176,4293,45,3.741298789118762,138,192425
4592,49386,7873,22,14.807080902852972,3184,337224
4593,29255,3013,37,57.462910193923555,3779,68788
4594,46003,4303,20,74.0456490311365,2251,478185
4595,24996,2827,48,54.251217215516164,4037,498387
4596,40386,9309,48,36.15133562032353,2190,372777
4597,26062,2665,48,97.81963581594378,308,439605
4598,40931,3808,46,70.68141582815174,699,186731
4599,40710,6952,6,83.30769326564082,704,346065
4600,39693,8567,34,4.984440544632201,2623,185233
4601,40740,8142,14,24.356090936864984,3809,196575
4602,16705,14935,48,38.04293826556643,2256,273611
4603,48408,6904,23,19.077538410145525,313,337126
4604,33047,1492,20,8.217027998205573,1676,381158
4605,15966,5924,13,23.28407479487334,2918,236982
4606,22374,10069,47,53.82992749246722,2224,102632
4607,16138,4881,44,69.87877958731382,368,208244
4608,20935,3674,41,77.62807137354301,2508,170056
4609,5489,14898,32,5.2506793319039895,2677,387840
4610,49516,5282,26,43.37063104904652,4878,238876
4611,27260,9997,14,13.098946774951365,4357,150750
4612,31069,6060,36,43.688838258022514,4660,277778
4613,24275,7960,8,43.963609062909214,922,371070
4614,41284,13525,40,50.322956984512125,3735,123137
4615,44178,3578,22,89.3902320000607,2695,119053
4616,37821,11378,22,80.70445475978485,4053,382482
4617,21999,3483,16,64.03536366850278,3931,422838
4618,43712,7759,27,88.65532497041954,2199,396439
4619,45172,6554,10,68.16839303395771,4683,187816
4620,38722,14682,25,82.06664111554444,3702,138309
4621,15625,3023,31,56.81405179742853,3567,425865
4622,6629,12274,21,52.99660691145916,750,100123
4623,15973,10177,27,72.6856270344661,1734,425876
4624,11859,10792,17,2.9492418855993567,4914,122672
4625,46609,5081,33,69.34737959151092,1267,485501
4626,48307,12407,31,93.5173036220321,4176,238568
4627,41046,6109,42,71.68026590284865,298,258408
4628,26839,2501,26,4.642578705424631,1455,299720
4629,32216,1887,21,38.410678436499666,3605,307058
4630,23945,11875,36,81.14854892485732,902,102238
4631,11539,7052,1,95.90224645439758,800,325561
4632,38625,1530,4,37.646172208001346,602,402985
4633,9886,10457,4,84.2782115318139,4664,488345
4634,12485,13455,26,86.51717765484979,2513,349863
4635,36455,1720,4,13.20535353327895,4819,54002
4636,21767,13622,49,84.73305820515004,3067,183404
4637,33453,13663,9,33.10073966822289,2970,338293
4638,15744,12498,30,59.73053443497631,4858,290836
4639,42102,11106,45,54.35724981628568,4946,250983
4640,17226,13789,4,66.64233250987594,3567,407138
4641,32869,13037,5,74.30600044352829,1518,411133
4642,27588,6535,45,44.64722866423943,1198,135808
4643,18440,10310,23,88.9427713927641,3269,371067
4644,36709,9955,16,81.14034373459457,482,67352
4645,27495,7023,22,78.75668817213811,4040,111081
4646,42019,8574,37,46.36643735149489,1493,303080
4647,49948,9563,8,4.719715698616406,3427,248641
4648,5922,1334,48,49.733384231515494,1752,71645
4649,32526,11514,33,89.94610788027411,4371,75343
4650,12957,9610,38,19.85456540514437,4423,312789
4651,38998,2224,43,98.2766547290482,2494,343919
4652,48395,7098,16,80.96137138130396,2138,54121
4653,29031,2913,5,71.27314943592441,2085,309982
4654,15006,10005,16,68.03883583430975,1362,375886
4655,42701,6493,7,59.115562311442496,1811,309806
4656,30939,4998,1,72.34636200166408,449,321415
4657,25324,2605,9,42.76865006571273,4126,482420
4658,27867,3068,18,84.68352269399284,540,206284
4659,5203,14115,45,69.9382496534328,2908,422965
4660,21544,9830,47,77.35405812557536,2662,387972
4661,20899,709,3,79.45625479443197,3252,466697
4662,34063,9756,24,10.11493452518135,1484,145011
4663,30344,5411,28,6.508436496086055,387,88682
4664,8748,2720,10,80.29760097998884,2155,123749
4665,44486,733,9,26.679018082786374,1097,269347
4666,6093,1292,13,58.61501094366961,2433,376891
4667,20228,14695,48,44.92737466667964,1522,51903
4668,25884,14401,35,3.181881163095789,173,216416
4669,30183,3610,23,4.987844558460877,1562,152413
4670,21034,2666,47,82.88539898560077,3294,398678
4671,10710,9026,17,61.160078587383666,2305,172702
4672,47500,10051,46,52.860464794947646,529,299053
4673,24259,14427,7,94.49085626370328,1571,330463
4674,40959,5693,16,18.138387566955643,3581,411063
4675,38457,1714,40,26.539113126221054,3280,202513
4676,25143,4919,36,75.9171687453271,1830,388322
4677,7103,7814,20,77.748287567835,135,205934
4678,5365,14578,24,41.08482244747728,1120,474319
4679,49535,8975,47,95.14686502973224,2097,192582
4680,21103,712,5,93.8872031938019,2860,215763
4681,37510,2158,45,2.2285617909557938,3217,384135
4682,29476,12770,6,18.060462331731777,2635,221444
4683,17742,14529,28,82.20172472670326,4814,287528
4684,17391,5524,5,34.18645179777482,4365,118309
4685,41940,13539,49,10.45080519128301,245,224122
4686,33901,10109,39,78.71491826793478,4615,300953
4687,37001,11078,38,46.00376705194574,4768,77377
4688,20623,6417,2,49.74866788482181,1126,370480
4689,7378,5641,43,19.450569492800955,3765,387456
4690,26372,2294,39,66.42861033995385,1386,297663
4691,49799,6488,21,55.57289049413915,2946,407085
4692,43437,8796,40,21.460620841118505,420,371373
4693,40503,14277,37,34.692819335481474,4195,115679
4694,35746,6078,18,60.091049446281026,2393,499864
4695,32923,6051,48,92.5623532879076,1712,337842
4696,14867,13557,46,92.11725868182768,576,460299
4697,46258,12585,12,29.502684535350816,3264,95169
4698,38724,4345,17,73.8264767982286,1926,465918
4699,14306,12382,37,77.77638897185713,882,410718
4700,44391,7406,46,81.07348689829668,4728,353166
4701,19908,14747,38,57.505466190396525,2047,116543
4702,32081,14815,15,2.040291811859192,3431,405099
4703,42228,11984,7,76.4059522591786,4774,158768
4704,28386,878,14,11.553147533105655,1693,256782
4705,33302,3793,1,12.570267235819781,1847,408560
4706,24212,3829,38,60.95685546196912,2133,450419
4707,40618,5308,3,98.36853158150487,356,240844
4708,15698,12130,37,25.011407853314182,3091,348636
4709,9594,8437,44,64.93527712506955,1517,406669
4710,30525,14160,31,31.0617109280225,4214,273939
4711,19282,724,43,89.97388524744244,209,160230
4712,19334,14525,13,59.75817231927254,2652,400663
4713,34179,1237,48,21.540255437990616,1157,370780
4714,11644,735,18,26.9509739940974,4450,105639
4715,40618,12970,17,43.81559231139398,4833,90685
4716,37933,1211,17,13.082312640951457,2142,267501
4717,48469,6488,11,8.794603458084683,2281,327883
4718,38687,2388,20,68.32607817904766,4592,473133
4719,46073,13410,10,41.30934114682291,3658,70704
4720,22375,7673,29,72.89635339515742,1721,407832
4721,35926,1759,48,11.895761843324527,3758,359527
4722,41607,5746,34,61.37668924220848,2794,253814
4723,22642,7771,17,44.8873725436043,3984,269864
4724,28993,1248,42,6.741866791245828,4880,74307
4725,49386,12678,13,54.93539584932171,3384,316860
4726,26188,4051,44,9.19762319674003,2266,499486
4727,37596,14990,47,82.94425503130981,3986,150924
4728,32772,6900,39,63.56378907361285,4497,462136
4729,35857,7143,27,56.13978584228439,4422,481087
4730,15776,9201,26,14.213431442496244,4551,92928
4731,37835,14363,28,29.458254236904214,4896,325731
4732,14788,2323,13,49.79471381639463,3492,313339
4733,10660,7352,12,63.69506785032912,2370,437855
4734,9478,13572,44,19.139841155473402,3811,468299
4735,13210,11633,28,1.877761535228716,1686,296164
4736,15922,8277,2,35.131258539660266,1314,428126
4737,41289,4732,37,48.804274001068116,1745,203510
4738,38340,7019,34,19.2589170540835,1450,70009
4739,44850,10826,23,49.724385079665375,3298,156172
4740,43163,2277,45,34.5100999983576,464,413267
4741,23642,1722,29,46.05387694453437,4039,310226
4742,16094,8130,35,35.3983173072808,4714,301505
4743,27423,14121,11,63.21831712889321,3299,325840
4744,38418,12359,48,5.2468040883635965,1726,440877
4745,10741,2277,33,17.919623704483083,3301,57564
4746,11838,9996,11,43.84233604198896,1745,53637
4747,8262,7990,9,36.27337483963382,1081,281249
4748,9996,5359,14,39.77156363942789,2495,198862
4749,49594,9393,9,80.5723087931675,2136,143695
4750,27164,8618,39,88.74683416648921,3652,252122
4751,40595,3489,48,25.618209566259434,1021,280953
4752,35257,8843,3,83.80271496834425,3846,237996
4753,19211,1825,29,46.42019666374542,3758,268371
4754,35453,9993,19,28.10824130933586,3882,324712
4755,10232,12414,36,98.56015102946316,4095,143539
4756,7217,10403,32,82.65537735198257,4556,310515
4757,29229,5627,7,99.43107858956706,4377,382991
4758,19232,9498,28,17.65088765839721,1574,91596
4759,30613,13022,44,15.240424720838007,4758,350459
4760,19026,3222,18,50.834417341479686,4509,67191
4761,33554,5156,5,64.22573224342084,2168,167083
4762,35908,1825,23,17.93494916080181,3867,333052
4763,24610,4633,22,86.18263614076572,2952,182487
4764,44605,9851,26,53.66933438767297,502,90276
4765,12031,3369,42,41.683241488844104,1247,97650
4766,30515,13208,12,60.60331361977747,712,114427
4767,41484,1742,40,63.86041758425663,1976,134369
4768,41182,9039,19,5.23554481739562,1713,196478
4769,5570,2331,47,99.98937400379988,3117,472552
4770,37254,2069,1,37.02803810364308,4888,144957
4771,24288,12627,3,7.092722044079723,1834,282872
4772,18288,7746,27,85.37999430277601,3648,389460
4773,34877,2418,18,99.30884924201891,3019,89871
4774,23889,6916,30,81.81949241239293,2250,324365
4775,5917,3732,2,85.33636649612473,2480,71116
4776,15066,4258,5,62.96757630772564,1910,483006
4777,34504,6497,29,92.31023224387235,3301,286871
4778,11982,2855,33,4.538116621019286,852,91474
4779,44104,10089,42,76.9056624324659,2572,268091
4780,23062,11472,20,67.40031260507348,1441,90100
4781,21999,2324,30,5.908912081876221,604,167982
4782,14941,11183,42,54.85338431867146,3582,298668
4783,28470,7780,5,51.99097423002908,2069,317560
4784,26133,4560,21,69.46188828262069,4149,65251
4785,49435,5824,15,8.675609749308082,4247,470290
4786,9529,904,20,80.72259974751279,3737,293148
4787,22519,2221,8,14.800940759138962,2522,309463
4788,17192,5816,49,42.447796732725394,4584,258772
4789,13566,11517,31,88.24751274266197,773,366966
4790,12226,4345,12,56.49262894405415,692,249076
4791,42930,4710,21,38.579500461718695,2879,494796
4792,26259,11884,30,5.772021962537842,3768,236372
4793,39087,14464,27,67.55507820297045,2652,93655
4794,6141,564,44,98.66812976537162,4278,445243
4795,9627,9991,26,91.26784347707991,3238,139091
4796,7690,13612,33,72.01231167976937,4609,193016
4797,45091,6882,26,11.423992967338558,2600,312459
4798,8255,10107,26,24.704569246639025,2893,260741
4799,10213,12285,36,19.498052925875417,4393,217829
4800,41876,1468,40,36.19070238530889,1812,305053
4801,24404,868,1,24.316205551362014,2445,148834
4802,30380,8924,15,25.199505151197627,399,467484
4803,30520,2742,1,62.05626360216516,4324,158898
4804,24173,5502,11,32.551562940176964,2006,363155
4805,28989,3583,2,68.03912477077483,2585,90640
4806,47570,8573,1,94.84107625547188,306,425946
4807,29519,9612,31,64.20931374471067,393,211039
4808,27439,9380,44,75.41401104382675,1973,141331
4809,16413,12964,16,75.40646111300096,3858,78798
4810,19995,13822,22,33.73957605153179,2188,158262
4811,28559,1969,42,2.4808414647501142,1872,411515
4812,28513,5225,18,6.44974833642723,2963,343605
4813,10021,4759,47,28.923964837571287,4821,411175
4814,37464,4122,17,69.2647751821022,4473,394307
4815,26119,10792,30,90.76163072618095,3526,375640
4816,34299,10957,10,95.92102795688388,628,141897
4817,44350,12481,35,3.5590177201672715,2233,116247
4818,30517,1323,21,99.01863731764435,2024,192157
4819,18117,3931,16,32.92722461731268,4888,143262
4820,27250,7028,6,84.45266659527641,1460,131085
4821,23950,4651,3,18.849250608981258,962,177061
4822,22359,4713,41,7.226927503079059,3316,370996
4823,28596,7920,43,38.45718698220607,2462,255070
4824,30530,9489,21,86.0336134645386,4420,158293
4825,6262,1279,13,22.86166667190379,3594,314704
4826,45150,11542,18,16.241775249432376,2067,268131
4827,27615,3392,24,91.07062856606886,167,69944
4828,8327,6034,27,93.89538305952445,1742,379857
4829,34768,10585,4,2.242271719701984,1120,296597
4830,33850,3806,22,73.01613800413269,3243,70098
4831,47788,3402,24,31.61156591640334,1570,282454
4832,21848,13495,40,38.09573262675177,1482,77475
4833,44542,13891,45,47.4411945201975,3030,485952
4834,20160,4218,10,43.25230604727743,1436,202488
4835,38998,521,2,51.98240471322842,3266,309381
4836,32230,2000,40,58.65380985826161,1342,260728
4837,14076,9534,6,47.0939549789545,1805,428482
4838,8805,10452,48,70.45479050846224,3299,52948
4839,36085,4141,18,72.14156462137205,2694,183592
4840,19715,5712,17,44.595560545193315,4037,253877
4841,10750,691,38,15.10385166062375,1779,439438
4842,18232,13806,45,64.42325321069214,1415,112976
4843,40903,13914,23,77.5227145227202,4926,194408
4844,11953,9087,46,64.17284259919103,667,241184
4845,37093,7674,30,59.217421818834744,2804,291806
4846,30500,5614,21,23.711787132226025,2551,326164
4847,27418,5162,10,64.86856704110656,1848,142816
4848,39314,4826,43,34.15076524304499,4791,376710
4849,27449,9565,13,92.03632741851521,747,421158
4850,22478,11313,12,65.7182891832381,2293,197818
4851,40179,4835,9,28.539787994121966,2908,304601
4852,30338,8781,4,47.81976402702908,224,379936
4853,31899,10971,39,84.8115463126194,1637,417800
4854,9145,9148,24,34.2109311670821,4675,405392
4855,37101,10972,34,53.018616445085726,4907,128372
4856,7775,13141,39,68.28732735190073,2070,206783
4857,36647,9696,41,75.69840454384743,2862,316502
4858,24539,14144,5,18.21532533140974,1917,192411
4859,41738,13226,15,56.950078163051614,914,82039
4860,31616,5994,4,91.30779014912393,3201,432129
4861,19119,9036,39,96.8676183694597,4251,333389
4862,30159,3211,8,65.95835921337647,1754,179024
4863,42099,8095,49,98.38241961183859,231,293859
4864,15295,13444,45,57.50278964863794,330,329403
4865,39710,6773,24,44.8178979483124,494,111086
4866,29685,6784,28,55.60715843587634,3673,236179
4867,30479,11154,43,12.455527032088687,1081,253737
4868,38629,9808,27,40.76987604885339,1032,234075
4869,47043,9317,1,46.38210025002234,1509,229861
4870,22033,13071,34,85.01415207337683,3055,288720
4871,41902,10671,17,76.10621068150228,4728,483789
4872,49571,4494,37,60.541231937255276,4750,499024
4873,20408,2178,38,35.38044625275072,2841,222660
4874,22420,8914,26,19.516423983573052,3038,388891
4875,21351,1243,24,35.428737070548166,3520,276805
4876,9131,962,39,68.30060302495406,2604,180196
4877,49825,2068,21,27.04074210941828,3133,131164
4878,16349,12039,30,43.26178287520743,4079,469516
4879,49254,14493,47,39.29025325328652,3923,228164
4880,43225,13951,48,76.79341631531496,4580,395192
4881,43847,2236,13,88.49491916375429,811,280395
4882,17453,13834,37,70.23772472428672,3076,491624
4883,23814,12731,3,34.81862383237038,1571,434406
4884,23263,8403,32,43.88452784861284,3799,266919
4885,17158,12643,35,15.19166525131842,3286,115124
4886,20735,7502,19,17.641647328894376,4849,347753
4887,20830,9356,14,17.264964185124985,1242,454355
4888,49673,1856,48,13.92804939856971,4081,219317
4889,28926,1514,22,18.778541622403885,2668,288242
4890,39779,10824,17,21.066132055257405,1708,493376
4891,8373,11360,4,12.072748435965657,4733,264218
4892,15335,1554,45,64.38581146653847,3922,231859
4893,28741,2264,40,99.04975192363776,1997,210024
4894,15692,6509,19,88.03948772057335,2292,114403
4895,39057,4958,37,5.514669658782535,4172,303021
4896,6447,11561,2,42.88282211047575,1191,271507
4897,24583,10104,15,86.07174734404445,799,127538
4898,27765,1167,2,14.332806981207646,4192,450745
4899,28906,3870,11,84.91686951855223,2001,264677
4900,24567,6476,45,59.67736314595203,2278,360622
4901,19139,1894,23,93.19855670701507,832,112525
4902,43230,8790,10,87.72787231217809,612,119248
4903,24520,14882,3,68.02639788381303,2787,179210
4904,24702,4570,5,66.12444332739686,4196,351970
4905,30566,7482,3,22.103256036798907,3856,331472
4906,12657,9113,38,12.558543748642846,531,133247
4907,42688,6099,13,42.12394956691104,4594,318050
4908,35134,4150,42,19.47142390981935,907,304590
4909,15345,12849,19,11.139255050098136,1379,341251
4910,46185,9824,40,30.930346594016456,2321,363556
4911,32413,10394,35,86.1885043368682,954,133349
4912,10208,4120,24,2.6976672478177615,3312,306817
4913,38455,3690,24,29.971130490495387,2686,452369
4914,33018,9289,17,42.981166336234736,4940,358357
4915,13080,891,40,51.54640521191337,2868,212751
4916,26902,1575,10,18.976173329915937,4438,425776
4917,14486,3150,2,96.45779978396507,3440,134388
4918,43862,14100,44,58.30843131364676,3328,425102
4919,26158,14817,23,52.68894415864737,1719,462828
4920,45460,2884,6,1.8734363041037745,375,80907
4921,48856,1309,2,49.0858225602047,4203,145707
4922,40871,8547,21,83.92939231606323,3963,441329
4923,40208,12001,35,22.74480976207303,814,365695
4924,25519,6001,49,35.769549270254885,2180,185038
4925,36379,12430,29,3.0365750040818593,909,157412
4926,33378,7395,7,97.71582390914573,3826,235505
4927,44892,1659,29,7.598527915676041,4078,202473
4928,19031,8074,37,89.92389126704737,961,202611
4929,19536,2031,23,31.985783703865014,136,346162
4930,5446,5981,33,59.16808379660198,3911,371686
4931,41683,8048,8,68.25223845663433,2181,113534
4932,22618,5476,12,14.942087575680336,554,267065
4933,11587,6195,46,44.932178400253214,4639,86555
4934,36480,11374,48,33.221143924417596,3408,146915
4935,37994,8945,10,6.603644094941068,4407,322614
4936,25527,4048,15,83.48617178492489,3311,350570
4937,28569,11877,24,5.471607893250296,2755,255801
4938,16151,6663,26,65.67253798890282,1081,365068
4939,10558,7171,47,32.09366026556485,4491,281588
4940,49739,5764,42,20.020803392984792,251,417411
4941,37954,1731,39,67.04151908221898,3394,371098
4942,48837,2923,3,57.87923373809438,699,436651
4943,40303,12267,2,32.210369480108156,1422,217831
4944,39700,8571,6,51.783114077664685,1611,326879
4945,32500,4761,21,25.377473019414737,2358,97011
4946,7032,10265,9,86.50594944126652,331,422865
4947,6252,3408,10,32.068059252389,2842,290381
4948,10509,5212,36,25.270149925601608,4562,437517
4949,42842,7255,3,75.43153739490546,4676,348815
4950,18900,10317,41,2.7416563113975734,671,435052
4951,19523,12690,24,27.533161476521457,1302,276505
4952,6881,4383,22,38.16412684446614,1607,469052
4953,38037,4015,49,88.3415582173468,1712,414118
4954,6630,3903,14,95.09373845228608,3666,301487
4955,25789,5098,42,71.93131872448103,4140,398958
4956,27523,5508,45,49.760646319956315,1670,178338
4957,22958,6722,44,64.42153335671117,1139,268510
4958,48852,13372,27,41.98610411645197,1525,110854
4959,6695,10650,33,30.583757353018118,4181,363632
4960,19821,4509,22,95.11811874582322,270,86091
4961,8262,3235,29,12.423632671982455,288,188192
4962,6445,4991,19,35.292963236960794,4981,57859
4963,21436,14419,19,90.00980703609872,4778,279475
4964,14949,14668,6,72.59100162815427,699,473827
4965,28963,11866,45,3.8810436809746824,4117,226549
4966,34932,9093,19,3.2868676690004652,3432,187858
4967,11901,1474,13,52.13473379983289,3676,411141
4968,38487,723,26,48.94105256677215,2489,333329
4969,13597,5113,22,44.85616232697551,1053,146726
4970,11855,7277,21,30.93203242206188,1725,119245
4971,23678,8927,36,98.67723326155027,1970,165718
4972,13263,12190,2,27.926744975354765,4361,113906
4973,30805,4711,47,49.51398043761563,2124,398539
4974,31143,11926,44,41.08441658548356,4429,119745
4975,16874,725,30,17.854693170212467,740,138915
4976,32529,10969,27,21.059263093402578,1927,461219
4977,25866,8683,7,91.91197145896751,4802,289464
4978,19079,4777,20,85.96969256273955,639,141087
4979,12243,1841,31,20.705386276214885,2465,396580
4980,34872,4536,23,87.69059976704185,4538,390060
4981,14018,8901,13,21.70942687800341,3601,59707
4982,17100,4227,17,63.02808585302201,4047,205451
4983,24800,14203,4,9.046771808748685,3126,100277
4984,31910,4428,14,88.1565929996527,4832,402748
4985,34437,14931,20,6.0985296470812305,3637,253514
4986,42588,13681,13,55.93934603586253,4274,393575
4987,16001,14669,3,78.19144099285812,2596,366900
4988,24942,3303,26,12.56663890465744,4386,266028
4989,25862,9801,26,41.043546482518664,4839,130748
4990,16669,7058,18,5.15306499751496,2189,129859
4991,20916,10718,32,68.59250515665596,3421,410614
4992,15878,893,14,31.43750990117384,3681,373723
4993,7985,7339,47,56.380129219208534,2649,431021
4994,37369,9535,3,93.34049477161581,1316,122884
4995,13112,10216,1,31.279952691489395,4985,247183
4996,46235,9295,26,5.814119691892492,4078,221011
4997,23931,1081,24,67.88714900217134,841,304557
4998,32340,14830,49,78.89727231690259,4285,458964
4999,5336,10631,35,95.82898742788002,1814,118879
5000,47933,632,14,16.622286825540915,4144,166506
